No,Date,Year,Quarter,Month,Month Name, li_investasi , li_bukan_investasi , li_aset , li_utang , li_cadangan_teknis , li_liabilitas , li_ekuitas , li_premi , li_klaim , gi_investasi , gi_bukan_investasi , gi_aset , gi_utang , gi_cadangan_teknis , gi_liabilitas , gi_ekuitas , gi_premi , gi_klaim , r_investasi , r_bukan_investasi , r_aset , r_utang , r_cadangan_teknis , r_liabilitas , r_ekuitas , r_premi , r_klaim , si_investasi , si_bukan_investasi , si_aset , si_liabilitas , si_ekuitas , si_premi , si_klaim , csa_investasi , csa_bukan_investasi , csa_aset , csa_liabilitas , csa_ekuitas , csa_premi , csa_klaim , total_aset , total_liabilitas , total_ekuitas , total_premi , total_klaim 
1,Jan-16,2016,1,1,January," 285,292,670.74 "," 50,752,030.90 "," 336,044,701.65 "," 17,501,674.27 "," 243,596,509.93 "," 261,098,184.20 "," 74,365,995.09 "," 8,888,655.98 "," 6,087,770.27 "," 58,736,327.14 "," 64,626,512.78 "," 123,362,839.92 "," 22,108,963.28 "," 56,777,794.94 "," 78,886,758.22 "," 44,278,640.16 "," 6,057,584.16 "," 2,562,164.24 "," 9,825,914.05 "," 4,893,294.58 "," 14,719,208.63 "," 877,946.16 "," 6,906,960.83 "," 7,784,906.99 "," 6,377,090.74 "," 791,327.36 "," 313,398.95 "," 219,347,215.46 "," 16,012,155.22 "," 235,358,370.68 "," 31,212,441.61 "," 204,145,929.07 "," 7,685,598.22 "," 7,312,928.09 "," 95,933,885.66 "," 34,375,018.20 "," 130,308,903.86 "," 110,744,326.10 "," 19,564,577.76 "," 947,136.22 "," 681,126.79 "," 839,794,024.73 "," 489,726,617.11 "," 348,732,232.82 "," 24,370,301.95 "," 16,957,388.35 "
2,Feb-16,2016,1,2,February," 288,820,299.45 "," 51,200,028.74 "," 340,020,328.19 "," 17,314,345.46 "," 247,152,414.37 "," 264,466,759.83 "," 74,973,047.00 "," 17,315,248.54 "," 11,735,298.11 "," 58,585,555.87 "," 64,492,964.34 "," 123,078,520.21 "," 21,549,006.54 "," 56,132,224.45 "," 77,681,230.99 "," 45,203,694.06 "," 9,931,117.56 "," 4,923,216.99 "," 9,879,347.08 "," 5,106,140.92 "," 14,985,487.99 "," 961,852.69 "," 7,011,313.37 "," 7,973,166.06 "," 6,453,649.09 "," 1,940,556.88 "," 680,373.06 "," 221,846,518.03 "," 17,164,847.54 "," 239,011,365.57 "," 32,198,791.75 "," 206,812,573.82 "," 15,908,560.77 "," 14,506,843.55 "," 103,497,006.00 "," 27,739,806.00 "," 131,236,812.00 "," 110,932,481.00 "," 20,304,331.00 "," 1,878,394.00 "," 1,331,569.00 "," 848,332,513.96 "," 493,252,429.64 "," 353,747,294.97 "," 46,973,877.74 "," 33,177,300.72 "
3,Mar-16,2016,1,3,March," 297,604,120.94 "," 50,263,350.70 "," 347,867,471.63 "," 18,098,652.11 "," 252,309,181.54 "," 270,407,833.65 "," 76,879,116.03 "," 27,465,166.15 "," 17,065,258.82 "," 58,863,023.51 "," 63,749,157.51 "," 122,612,181.02 "," 21,304,256.14 "," 55,607,358.33 "," 76,911,614.47 "," 45,457,124.98 "," 14,239,867.19 "," 7,094,963.55 "," 10,133,739.98 "," 4,930,221.58 "," 15,063,961.57 "," 1,001,392.09 "," 6,970,193.00 "," 7,971,585.08 "," 6,557,113.80 "," 3,113,463.31 "," 1,116,845.00 "," 227,740,404.64 "," 14,868,959.82 "," 242,609,364.46 "," 32,521,764.45 "," 210,087,600.01 "," 25,031,629.05 "," 18,236,720.73 "," 89,207,106.68 "," 24,938,322.90 "," 114,145,429.58 "," 92,209,527.89 "," 21,935,901.69 "," 2,848,169.71 "," 2,065,017.63 "," 842,298,408.26 "," 480,022,325.54 "," 360,916,856.51 "," 72,698,295.40 "," 45,578,805.73 "
4,Apr-16,2016,2,4,April," 302,563,489.09 "," 50,077,453.01 "," 352,640,942.10 "," 18,301,731.16 "," 259,075,188.23 "," 277,376,919.39 "," 74,683,499.55 "," 38,852,479.47 "," 24,137,469.12 "," 58,523,147.61 "," 63,508,508.29 "," 122,031,655.89 "," 21,293,756.45 "," 55,453,032.64 "," 76,746,789.09 "," 45,061,820.35 "," 18,442,902.00 "," 9,407,697.07 "," 10,224,745.64 "," 5,092,008.36 "," 15,316,754.00 "," 1,037,810.63 "," 7,041,495.61 "," 8,079,306.24 "," 6,703,989.82 "," 4,131,987.71 "," 1,532,335.33 "," 229,300,056.82 "," 16,097,698.12 "," 245,397,754.94 "," 34,237,261.81 "," 211,160,493.13 "," 34,738,570.19 "," 25,780,681.25 "," 89,784,120.18 "," 25,089,971.81 "," 114,874,091.99 "," 92,352,170.99 "," 22,521,921.01 "," 3,805,899.83 "," 2,818,351.38 "," 850,261,198.92 "," 488,792,447.52 "," 360,131,723.85 "," 99,971,839.19 "," 63,676,534.15 "
5,May-16,2016,2,5,May," 304,720,895.38 "," 50,726,345.48 "," 355,447,240.86 "," 17,520,057.18 "," 263,126,599.52 "," 280,646,656.69 "," 74,220,059.27 "," 50,255,857.26 "," 29,979,553.69 "," 57,332,009.22 "," 62,577,438.82 "," 119,909,448.05 "," 21,038,973.70 "," 54,846,470.14 "," 75,885,443.84 "," 43,826,345.28 "," 23,117,662.43 "," 11,843,496.86 "," 10,500,799.58 "," 5,014,372.52 "," 15,515,172.09 "," 986,463.90 "," 7,197,658.05 "," 8,184,121.95 "," 6,796,235.62 "," 5,045,111.78 "," 1,896,088.92 "," 232,536,218.82 "," 15,638,321.39 "," 248,174,540.21 "," 34,650,089.66 "," 213,524,450.55 "," 45,305,144.65 "," 33,548,212.71 "," 87,614,314.00 "," 25,661,674.00 "," 113,275,989.00 "," 92,679,757.00 "," 20,596,232.00 "," 4,771,174.00 "," 3,628,118.00 "," 852,322,390.21 "," 492,046,069.14 "," 358,963,322.71 "," 128,494,950.12 "," 80,895,470.18 "
6,Jun-16,2016,2,6,June," 313,017,724.06 "," 50,144,779.88 "," 363,162,503.94 "," 17,354,187.48 "," 269,911,737.36 "," 287,265,924.84 "," 75,316,061.09 "," 61,171,236.77 "," 36,258,735.10 "," 58,231,862.44 "," 66,118,041.77 "," 124,349,904.21 "," 23,052,406.71 "," 55,348,747.17 "," 78,401,153.89 "," 45,750,432.14 "," 29,629,779.40 "," 14,388,507.63 "," 9,930,618.36 "," 5,128,878.66 "," 15,059,497.02 "," 987,059.29 "," 7,331,434.73 "," 8,318,494.02 "," 6,232,759.99 "," 6,171,701.78 "," 2,281,653.38 "," 235,825,955.20 "," 17,696,819.45 "," 253,522,774.65 "," 33,328,384.21 "," 220,194,390.44 "," 55,249,988.77 "," 41,766,831.91 "," 88,356,014.84 "," 27,570,570.74 "," 115,926,585.59 "," 93,556,093.16 "," 22,370,492.42 "," 5,773,220.63 "," 4,563,619.61 "," 872,021,265.41 "," 500,870,050.11 "," 369,864,136.09 "," 157,995,927.35 "," 99,259,347.62 "
7,Jul-16,2016,3,7,July," 326,066,538.27 "," 50,699,591.42 "," 376,766,129.69 "," 19,578,589.95 "," 277,168,934.56 "," 296,747,524.51 "," 79,438,079.89 "," 71,949,283.59 "," 43,604,201.74 "," 59,161,298.75 "," 64,758,023.03 "," 123,919,321.78 "," 22,144,948.97 "," 55,128,644.98 "," 77,273,593.95 "," 46,483,091.48 "," 33,580,962.86 "," 16,108,072.22 "," 8,973,269.71 "," 5,454,024.31 "," 14,427,294.01 "," 1,034,792.81 "," 7,723,512.02 "," 8,758,304.83 "," 5,159,389.58 "," 7,330,593.74 "," 2,597,165.61 "," 243,186,999.73 "," 18,065,835.14 "," 261,252,834.87 "," 35,326,860.77 "," 225,925,974.10 "," 64,765,993.83 "," 48,258,190.76 "," 91,891,759.32 "," 25,014,387.77 "," 116,906,147.09 "," 94,097,757.86 "," 22,808,389.23 "," 6,704,284.65 "," 5,312,547.37 "," 893,271,727.44 "," 512,204,041.92 "," 379,814,924.27 "," 184,331,118.67 "," 115,880,177.71 "
8,Aug-16,2016,3,8,August," 332,099,856.87 "," 51,463,722.87 "," 383,563,579.74 "," 20,506,147.87 "," 282,252,464.41 "," 302,758,612.28 "," 80,203,442.52 "," 84,128,505.67 "," 51,816,466.96 "," 60,283,327.67 "," 62,591,192.42 "," 122,874,520.09 "," 21,339,433.82 "," 54,652,842.78 "," 75,992,276.61 "," 46,719,607.19 "," 37,537,122.41 "," 18,734,201.25 "," 9,163,716.41 "," 5,426,179.59 "," 14,589,895.99 "," 1,056,663.19 "," 7,837,537.90 "," 8,894,201.10 "," 5,184,738.67 "," 8,372,207.12 "," 3,106,912.18 "," 244,445,713.97 "," 22,887,162.44 "," 267,332,876.41 "," 34,208,432.69 "," 233,124,443.73 "," 74,777,835.65 "," 56,030,977.00 "," 93,039,723.24 "," 24,840,469.43 "," 117,880,192.67 "," 95,000,876.71 "," 22,879,315.95 "," 7,707,887.03 "," 6,245,114.81 "," 906,241,064.90 "," 516,854,399.39 "," 388,111,548.06 "," 212,523,557.88 "," 135,933,672.20 "
9,Sep-16,2016,3,9,September," 334,441,285.82 "," 50,802,816.69 "," 385,244,102.51 "," 20,125,935.63 "," 284,883,810.54 "," 305,009,746.18 "," 79,632,833.57 "," 95,708,500.01 "," 58,655,538.51 "," 60,091,002.22 "," 61,993,254.94 "," 122,084,257.16 "," 21,028,822.75 "," 54,490,003.36 "," 75,518,826.11 "," 46,401,596.33 "," 41,713,316.58 "," 20,393,377.79 "," 9,039,952.22 "," 5,574,150.20 "," 14,614,102.42 "," 1,042,039.35 "," 7,871,741.45 "," 8,913,780.80 "," 5,215,936.92 "," 9,343,511.44 "," 3,564,683.33 "," 256,704,125.89 "," 15,894,549.30 "," 272,598,675.19 "," 36,326,622.94 "," 236,272,052.25 "," 84,688,944.67 "," 63,874,385.63 "," 92,838,942.32 "," 24,713,528.73 "," 117,552,471.05 "," 95,160,734.52 "," 22,391,736.53 "," 8,685,350.65 "," 7,182,518.79 "," 912,093,608.33 "," 520,929,710.55 "," 389,914,155.61 "," 240,139,623.34 "," 153,670,504.05 "
10,Oct-16,2016,4,10,October," 338,508,620.93 "," 49,931,549.43 "," 388,440,170.36 "," 20,232,058.69 "," 289,918,379.62 "," 310,150,438.31 "," 77,687,993.15 "," 109,167,672.15 "," 65,674,225.22 "," 60,099,926.11 "," 61,175,594.52 "," 121,275,520.62 "," 20,936,931.31 "," 53,667,488.82 "," 74,604,420.13 "," 46,509,089.93 "," 46,038,749.20 "," 22,904,734.50 "," 9,078,663.98 "," 5,453,540.19 "," 14,532,204.16 "," 999,407.16 "," 7,846,661.75 "," 8,846,068.90 "," 5,200,393.96 "," 10,491,060.01 "," 4,050,074.95 "," 257,967,875.15 "," 17,590,754.42 "," 275,558,629.58 "," 38,406,740.92 "," 237,151,888.65 "," 95,005,048.68 "," 71,649,023.79 "," 92,746,369.21 "," 24,807,612.19 "," 117,553,981.40 "," 95,643,839.00 "," 21,910,142.39 "," 9,664,621.01 "," 8,018,779.28 "," 917,360,506.12 "," 527,651,507.27 "," 388,459,508.09 "," 270,367,151.06 "," 172,296,837.74 "
11,Nov-16,2016,4,11,November," 334,704,789.91 "," 51,173,785.11 "," 385,878,575.02 "," 20,423,919.76 "," 287,943,378.36 "," 308,367,298.12 "," 76,909,754.40 "," 123,510,043.95 "," 72,384,714.67 "," 59,211,885.80 "," 61,268,280.21 "," 120,480,166.01 "," 21,361,954.82 "," 52,697,417.56 "," 74,059,372.38 "," 46,258,782.87 "," 50,062,414.34 "," 25,266,246.12 "," 9,045,019.36 "," 5,382,373.85 "," 14,427,393.21 "," 958,255.62 "," 7,736,122.26 "," 8,694,377.88 "," 5,245,917.42 "," 11,646,623.88 "," 4,525,277.52 "," 257,262,146.30 "," 17,063,661.12 "," 274,325,807.42 "," 35,060,843.65 "," 239,264,963.78 "," 104,994,742.87 "," 79,079,079.38 "," 93,021,806.52 "," 24,939,150.82 "," 117,960,957.34 "," 96,862,470.98 "," 21,098,486.36 "," 10,666,618.44 "," 8,882,017.85 "," 913,072,899.00 "," 523,044,363.01 "," 388,777,904.82 "," 300,880,443.48 "," 190,137,335.54 "
12,Dec-16,2016,4,12,December," 343,270,703.43 "," 51,838,004.97 "," 395,108,708.40 "," 20,217,625.69 "," 297,314,773.83 "," 317,532,399.52 "," 76,974,786.48 "," 137,785,583.48 "," 79,049,514.29 "," 60,551,017.14 "," 63,886,376.73 "," 124,437,393.87 "," 23,771,651.57 "," 52,945,801.84 "," 76,717,453.42 "," 47,557,929.70 "," 57,454,427.72 "," 27,578,129.33 "," 9,162,243.31 "," 5,871,439.11 "," 15,033,682.41 "," 1,045,624.40 "," 8,097,639.78 "," 9,143,264.18 "," 5,429,891.84 "," 13,248,399.88 "," 5,035,537.53 "," 273,155,006.62 "," 16,829,249.32 "," 289,984,255.95 "," 40,563,465.08 "," 249,420,790.87 "," 116,281,607.66 "," 86,803,377.24 "," 94,283,871.85 "," 25,730,376.44 "," 120,014,248.29 "," 97,957,793.69 "," 22,056,454.60 "," 11,732,641.38 "," 9,907,722.35 "," 944,578,288.92 "," 541,914,375.88 "," 401,439,853.49 "," 336,502,660.13 "," 208,374,280.74 "
13,Jan-17,2017,1,1,January," 347,107,179.07 "," 53,454,816.77 "," 400,561,995.84 "," 19,924,300.59 "," 302,327,939.06 "," 322,252,239.65 "," 77,708,233.17 "," 12,184,048.96 "," 6,484,888.73 "," 60,111,601.85 "," 63,445,142.82 "," 123,556,744.67 "," 24,778,299.26 "," 51,119,290.97 "," 75,897,590.23 "," 47,461,732.87 "," 5,321,828.75 "," 2,297,611.71 "," 9,103,740.38 "," 6,167,848.52 "," 15,271,588.90 "," 1,219,045.44 "," 7,973,167.94 "," 9,192,213.38 "," 5,617,999.95 "," 1,114,471.92 "," 455,062.07 "," 265,582,977.20 "," 23,171,053.49 "," 288,753,030.70 "," 39,425,991.74 "," 249,327,038.95 "," 8,406,430.67 "," 8,054,136.42 "," 99,820,137.61 "," 20,563,087.79 "," 120,383,225.40 "," 98,603,995.74 "," 21,779,229.66 "," 969,074.03 "," 1,119,197.86 "," 948,526,585.51 "," 545,372,030.74 "," 401,894,234.60 "," 27,995,854.33 "," 18,410,896.79 "
14,Feb-17,2017,1,2,February," 351,903,437.23 "," 54,413,603.59 "," 406,317,040.82 "," 20,700,650.55 "," 306,266,441.98 "," 326,967,092.53 "," 78,748,433.78 "," 21,411,863.19 "," 12,427,673.29 "," 61,052,589.85 "," 61,588,114.18 "," 122,640,704.03 "," 23,629,024.74 "," 50,417,297.82 "," 74,046,322.56 "," 48,432,369.98 "," 9,101,140.14 "," 4,385,709.20 "," 9,331,900.00 "," 6,254,590.00 "," 15,586,500.00 "," 1,298,740.00 "," 8,018,140.00 "," 9,316,880.00 "," 5,807,400.00 "," 2,363,469.75 "," 897,971.81 "," 270,298,918.88 "," 23,363,366.77 "," 293,661,285.65 "," 40,633,644.44 "," 253,027,641.21 "," 18,552,997.49 "," 16,728,662.53 "," 99,144,827.11 "," 20,718,051.12 "," 119,862,878.22 "," 98,543,230.09 "," 21,319,648.13 "," 1,903,958.04 "," 1,865,740.03 "," 958,068,408.72 "," 549,507,169.63 "," 407,335,493.09 "," 53,333,428.61 "," 36,305,756.85 "
15,Mar-17,2017,1,3,March," 365,223,655.71 "," 54,277,270.20 "," 419,500,925.91 "," 23,000,632.06 "," 313,434,376.23 "," 336,435,008.28 "," 82,464,403.70 "," 35,188,695.60 "," 20,385,438.35 "," 62,197,323.29 "," 62,157,429.33 "," 124,354,752.63 "," 23,347,148.57 "," 51,639,862.11 "," 74,987,010.68 "," 49,205,731.84 "," 14,193,506.34 "," 6,330,078.79 "," 9,604,311.27 "," 6,742,752.57 "," 16,347,063.84 "," 1,477,105.63 "," 8,565,714.68 "," 10,042,820.30 "," 5,869,097.74 "," 3,867,961.61 "," 1,412,192.58 "," 276,519,077.63 "," 21,410,208.23 "," 297,928,283.65 "," 40,368,663.76 "," 257,559,619.89 "," 29,263,626.46 "," 25,703,070.13 "," 102,594,505.37 "," 20,418,681.71 "," 123,013,187.08 "," 99,045,018.05 "," 23,968,169.03 "," 2,883,937.39 "," 2,641,525.31 "," 981,144,213.11 "," 560,878,521.07 "," 419,067,022.20 "," 85,397,727.40 "," 56,472,305.15 "
16,Apr-17,2017,2,4,April," 369,722,287.91 "," 53,974,286.23 "," 423,696,574.14 "," 21,088,981.68 "," 318,736,712.69 "," 339,825,694.37 "," 83,313,357.25 "," 47,827,928.18 "," 27,540,690.66 "," 62,053,340.15 "," 62,162,523.25 "," 124,215,863.41 "," 23,426,611.90 "," 51,409,422.65 "," 74,836,034.54 "," 49,216,012.32 "," 18,325,981.48 "," 8,289,191.14 "," 9,664,128.35 "," 6,581,523.40 "," 16,245,651.76 "," 1,607,722.51 "," 8,466,176.02 "," 10,073,898.53 "," 5,735,758.25 "," 4,890,615.08 "," 1,796,699.84 "," 278,446,759.12 "," 23,040,176.99 "," 301,486,936.10 "," 39,244,706.15 "," 262,242,229.98 "," 39,869,282.62 "," 34,158,733.02 "," 102,060,257.21 "," 21,463,166.91 "," 123,523,424.12 "," 99,189,597.15 "," 24,333,826.96 "," 3,733,559.55 "," 3,402,767.97 "," 989,168,449.52 "," 563,169,930.76 "," 424,841,184.76 "," 114,647,366.91 "," 75,188,082.64 "
17,May-17,2017,2,5,May," 373,291,053.43 "," 54,864,018.31 "," 428,155,071.74 "," 21,161,497.80 "," 321,962,914.75 "," 343,124,412.55 "," 84,473,136.85 "," 61,841,121.61 "," 36,588,057.91 "," 62,218,625.65 "," 60,913,129.93 "," 123,131,755.58 "," 23,561,822.58 "," 50,381,272.54 "," 73,943,095.12 "," 49,024,844.91 "," 22,463,169.73 "," 11,113,840.43 "," 9,636,806.15 "," 6,614,125.91 "," 16,250,932.06 "," 1,464,373.00 "," 8,593,255.34 "," 10,057,628.35 "," 5,756,459.56 "," 5,923,672.38 "," 2,221,375.84 "," 287,509,548.96 "," 18,433,714.39 "," 305,942,263.35 "," 42,292,308.74 "," 263,649,954.62 "," 50,884,985.96 "," 43,691,403.76 "," 104,332,663.80 "," 20,227,432.07 "," 124,560,095.87 "," 100,420,837.80 "," 24,139,258.07 "," 4,800,083.38 "," 4,307,449.34 "," 998,040,118.60 "," 569,838,282.56 "," 427,043,654.00 "," 145,913,033.06 "," 97,922,127.29 "
18,Jun-17,2017,2,6,June," 378,893,465.09 "," 55,862,810.41 "," 434,756,275.50 "," 21,937,241.78 "," 327,428,493.31 "," 349,365,735.09 "," 84,833,018.22 "," 73,789,928.13 "," 43,929,601.61 "," 62,238,108.03 "," 61,575,211.24 "," 123,813,319.27 "," 23,563,626.50 "," 50,296,846.11 "," 73,860,472.61 "," 49,789,032.12 "," 28,091,598.40 "," 12,843,050.74 "," 9,730,377.19 "," 6,792,189.08 "," 16,522,566.28 "," 1,533,064.02 "," 8,746,073.30 "," 10,279,137.31 "," 5,833,663.75 "," 7,374,045.89 "," 2,651,668.59 "," 295,645,839.84 "," 17,240,661.78 "," 312,885,502.07 "," 44,782,507.99 "," 268,102,994.09 "," 61,600,668.41 "," 52,624,594.94 "," 103,519,551.54 "," 20,841,623.11 "," 124,361,174.65 "," 100,240,034.10 "," 24,121,140.56 "," 5,743,827.74 "," 5,205,678.49 "," 1,012,338,837.78 "," 578,527,887.10 "," 432,679,848.74 "," 176,600,068.58 "," 117,254,594.38 "
19,Jul-17,2017,3,7,July," 400,661,289.85 "," 57,376,312.08 "," 458,037,601.93 "," 22,560,956.70 "," 349,774,467.41 "," 372,335,424.11 "," 85,144,655.40 "," 90,704,339.36 "," 53,823,352.57 "," 63,478,432.01 "," 60,757,939.97 "," 124,236,371.98 "," 23,797,930.01 "," 50,358,737.11 "," 74,156,667.12 "," 49,915,889.26 "," 33,345,491.27 "," 15,275,429.02 "," 9,777,428.72 "," 6,543,105.23 "," 16,320,533.95 "," 1,124,632.28 "," 8,901,657.33 "," 10,026,289.61 "," 5,883,629.96 "," 8,276,443.48 "," 3,052,174.37 "," 295,271,769.35 "," 18,564,335.87 "," 313,835,105.21 "," 43,016,712.17 "," 270,818,393.04 "," 72,718,811.84 "," 61,510,666.08 "," 104,247,607.90 "," 20,179,985.20 "," 124,427,593.10 "," 100,785,777.99 "," 23,641,815.10 "," 6,758,124.03 "," 6,241,779.84 "," 1,036,857,206.16 "," 600,320,871.00 "," 435,404,382.76 "," 211,803,209.98 "," 139,903,401.88 "
20,Aug-17,2017,3,8,August," 423,957,757.66 "," 53,909,998.11 "," 477,867,755.77 "," 23,597,453.60 "," 369,310,560.92 "," 392,908,014.51 "," 84,402,214.97 "," 114,807,572.49 "," 68,757,854.65 "," 64,089,502.64 "," 60,241,577.51 "," 124,331,080.15 "," 23,464,251.81 "," 50,392,640.62 "," 73,856,892.43 "," 50,310,370.12 "," 40,064,181.62 "," 17,333,645.93 "," 10,338,406.39 "," 6,091,560.07 "," 16,429,966.46 "," 1,159,365.75 "," 8,547,267.04 "," 9,706,632.78 "," 6,311,870.53 "," 9,280,654.05 "," 3,508,699.91 "," 300,930,842.39 "," 17,601,044.64 "," 318,531,887.03 "," 43,362,272.39 "," 275,169,614.64 "," 85,921,069.48 "," 71,177,214.68 "," 105,285,634.97 "," 20,356,159.85 "," 125,641,794.82 "," 101,121,313.49 "," 24,520,481.33 "," 7,796,245.48 "," 7,400,894.89 "," 1,062,802,484.23 "," 620,955,125.60 "," 440,714,551.58 "," 257,869,723.12 "," 168,178,310.07 "
21,Sep-17,2017,3,9,September," 430,142,089.59 "," 56,513,516.85 "," 486,655,606.45 "," 24,246,267.73 "," 372,251,247.44 "," 396,497,515.17 "," 89,600,569.17 "," 131,845,983.59 "," 80,984,322.90 "," 65,012,012.95 "," 60,212,302.17 "," 125,224,315.12 "," 23,667,838.51 "," 50,680,597.13 "," 74,348,435.64 "," 50,627,063.92 "," 45,563,318.98 "," 19,548,637.65 "," 10,421,986.11 "," 6,382,288.61 "," 16,804,274.72 "," 1,368,779.35 "," 8,604,170.17 "," 9,972,949.52 "," 6,419,012.46 "," 10,825,586.08 "," 4,052,284.07 "," 307,919,872.75 "," 16,241,003.12 "," 324,160,875.86 "," 49,229,155.44 "," 274,931,720.42 "," 95,129,295.32 "," 80,110,267.13 "," 106,131,195.21 "," 20,016,192.18 "," 126,147,387.39 "," 101,784,676.96 "," 24,362,710.42 "," 8,785,864.06 "," 8,534,373.27 "," 1,078,992,459.54 "," 631,832,732.73 "," 445,941,076.40 "," 292,150,048.03 "," 193,229,885.02 "
22,Oct-17,2017,4,10,October," 433,587,830.99 "," 57,646,635.67 "," 491,234,466.66 "," 25,325,141.57 "," 376,921,755.36 "," 402,246,896.94 "," 88,430,047.64 "," 150,564,999.39 "," 93,118,947.49 "," 64,527,087.22 "," 60,427,757.47 "," 124,954,844.69 "," 23,485,838.93 "," 50,451,636.32 "," 73,937,475.25 "," 50,596,553.89 "," 50,043,517.30 "," 22,216,616.17 "," 10,256,250.80 "," 6,540,196.14 "," 16,796,446.94 "," 1,414,073.29 "," 8,546,481.54 "," 9,960,554.83 "," 6,450,658.30 "," 12,054,475.28 "," 4,735,703.35 "," 307,126,162.57 "," 19,570,928.24 "," 326,697,090.81 "," 48,600,838.71 "," 278,096,252.10 "," 106,345,608.72 "," 89,267,066.87 "," 105,443,005.42 "," 20,444,954.34 "," 125,887,959.76 "," 102,287,194.62 "," 23,600,765.14 "," 9,801,096.87 "," 9,606,666.66 "," 1,085,570,808.86 "," 637,032,960.35 "," 447,174,277.07 "," 328,809,697.55 "," 218,945,000.54 "
23,Nov-17,2017,4,11,November," 438,700,909.12 "," 54,448,749.32 "," 493,149,658.43 "," 24,950,195.14 "," 379,314,055.66 "," 404,264,250.81 "," 88,327,885.53 "," 166,882,570.12 "," 104,372,160.55 "," 64,611,244.56 "," 60,519,298.51 "," 125,130,543.07 "," 23,719,728.22 "," 49,929,187.22 "," 73,648,915.44 "," 51,232,812.07 "," 55,687,692.10 "," 24,867,680.38 "," 10,981,272.77 "," 6,749,753.16 "," 17,731,025.93 "," 1,455,043.93 "," 8,849,155.18 "," 10,304,199.11 "," 7,040,743.85 "," 13,903,593.97 "," 5,326,664.25 "," 312,539,085.81 "," 21,145,852.75 "," 333,684,938.56 "," 51,028,568.41 "," 282,656,370.15 "," 117,179,172.91 "," 98,497,301.32 "," 106,903,929.06 "," 20,960,374.83 "," 127,864,303.89 "," 103,802,900.23 "," 24,061,403.65 "," 10,838,014.67 "," 10,621,211.90 "," 1,097,560,469.89 "," 643,048,834.00 "," 453,319,215.25 "," 364,491,043.76 "," 243,685,018.39 "
24,Dec-17,2017,4,12,December," 458,589,903.11 "," 54,357,921.09 "," 512,947,824.20 "," 24,542,843.40 "," 397,413,821.50 "," 421,956,664.90 "," 90,433,637.19 "," 183,845,055.91 "," 115,765,636.99 "," 66,016,078.79 "," 61,928,806.03 "," 127,944,884.82 "," 24,618,385.22 "," 50,728,321.21 "," 75,346,706.44 "," 52,273,057.51 "," 63,621,519.62 "," 27,389,085.25 "," 11,068,033.28 "," 7,153,510.66 "," 18,221,543.94 "," 1,406,246.73 "," 9,068,285.39 "," 10,474,532.11 "," 7,234,398.50 "," 16,028,747.14 "," 6,117,908.20 "," 324,504,380.44 "," 16,584,122.63 "," 341,088,503.07 "," 51,195,718.10 "," 289,892,784.97 "," 130,486,375.22 "," 109,809,356.28 "," 111,896,956.30 "," 20,505,218.81 "," 132,402,175.11 "," 105,494,261.20 "," 26,907,913.91 "," 11,899,573.59 "," 11,793,989.54 "," 1,132,604,931.14 "," 664,467,882.76 "," 466,741,792.08 "," 405,881,271.48 "," 270,875,976.26 "
25,Jan-18,2018,1,1,January," 466,057,167.91 "," 56,950,508.33 "," 523,007,676.24 "," 25,730,671.42 "," 405,212,882.51 "," 430,943,553.93 "," 91,506,600.20 "," 17,639,626.35 "," 12,405,816.53 "," 66,778,698.17 "," 63,242,995.74 "," 130,021,693.91 "," 25,442,685.75 "," 51,404,633.45 "," 76,847,319.20 "," 52,849,136.96 "," 6,631,231.36 "," 2,138,540.14 "," 11,120,731.73 "," 7,874,307.21 "," 18,995,038.94 "," 1,887,836.00 "," 9,177,948.21 "," 11,065,784.20 "," 7,419,775.73 "," 1,572,532.14 "," 464,558.85 "," 328,179,532.26 "," 18,311,588.88 "," 346,491,121.15 "," 53,096,643.64 "," 293,394,477.50 "," 9,764,608.52 "," 9,939,067.47 "," 118,679,262.21 "," 14,426,698.17 "," 133,105,960.38 "," 105,213,327.38 "," 27,892,632.99 "," 991,903.96 "," 1,378,542.45 "," 1,151,621,490.62 "," 677,166,628.36 "," 473,062,623.39 "," 36,599,902.33 "," 26,326,525.45 "
26,Feb-18,2018,1,2,February," 466,735,746.86 "," 56,083,781.11 "," 522,819,527.97 "," 24,346,527.34 "," 407,400,114.70 "," 431,746,642.03 "," 90,515,363.84 "," 32,860,761.82 "," 25,206,507.79 "," 67,966,765.74 "," 64,776,173.82 "," 132,742,939.56 "," 27,063,283.04 "," 52,449,163.68 "," 79,512,446.72 "," 52,905,094.88 "," 11,245,239.17 "," 4,137,873.32 "," 11,203,824.13 "," 8,341,104.69 "," 19,544,928.82 "," 1,960,841.66 "," 9,591,581.57 "," 11,552,423.24 "," 7,486,160.91 "," 3,202,001.67 "," 989,825.48 "," 332,442,534.02 "," 17,805,962.64 "," 350,248,496.67 "," 59,802,528.41 "," 290,445,968.25 "," 22,172,463.14 "," 19,447,132.51 "," 117,169,439.80 "," 15,707,858.31 "," 132,877,298.12 "," 105,717,488.85 "," 27,159,809.27 "," 1,934,207.44 "," 2,305,178.17 "," 1,158,233,191.12 "," 688,331,529.26 "," 468,512,397.16 "," 71,414,673.24 "," 52,086,517.29 "
27,Mar-18,2018,1,3,March," 458,970,329.15 "," 57,298,473.85 "," 516,268,803.00 "," 26,862,929.12 "," 398,536,118.25 "," 425,399,047.38 "," 90,312,233.52 "," 49,543,334.75 "," 34,739,854.98 "," 68,930,659.93 "," 66,622,086.79 "," 135,552,746.72 "," 26,921,340.35 "," 54,900,243.84 "," 81,821,584.19 "," 53,333,577.88 "," 16,766,901.73 "," 6,159,658.14 "," 11,286,454.99 "," 8,151,862.64 "," 19,438,317.63 "," 1,859,613.91 "," 9,714,264.82 "," 11,573,878.73 "," 7,361,228.54 "," 4,817,845.39 "," 1,606,555.86 "," 328,717,685.64 "," 16,047,163.92 "," 344,764,849.56 "," 57,415,274.10 "," 287,349,575.46 "," 32,547,957.88 "," 31,601,385.73 "," 116,765,877.21 "," 14,352,041.24 "," 131,117,918.45 "," 104,901,244.88 "," 26,216,673.57 "," 2,915,167.95 "," 3,334,701.00 "," 1,147,142,635.36 "," 681,111,029.28 "," 464,573,288.97 "," 106,591,207.70 "," 77,442,155.72 "
28,Apr-18,2018,2,4,April," 459,501,883.32 "," 57,939,457.29 "," 517,441,340.61 "," 26,546,645.11 "," 398,131,395.75 "," 424,678,040.86 "," 92,205,777.67 "," 66,214,450.00 "," 48,605,941.64 "," 68,220,315.47 "," 67,786,013.79 "," 136,006,329.26 "," 26,506,093.18 "," 56,956,566.78 "," 83,462,659.96 "," 52,146,081.10 "," 22,504,466.92 "," 8,384,555.20 "," 11,178,278.98 "," 8,141,861.49 "," 19,320,140.47 "," 1,681,468.69 "," 9,818,599.72 "," 11,500,068.41 "," 7,320,187.08 "," 6,394,306.69 "," 2,156,619.83 "," 329,931,029.23 "," 17,100,157.81 "," 347,031,187.04 "," 59,059,459.25 "," 287,971,727.79 "," 45,735,009.63 "," 38,123,066.47 "," 116,292,277.72 "," 14,322,666.88 "," 130,614,944.60 "," 106,458,457.71 "," 24,156,486.88 "," 3,886,696.62 "," 4,358,938.14 "," 1,150,413,941.98 "," 685,158,686.19 "," 463,800,260.53 "," 144,734,929.86 "," 101,629,121.29 "
29,May-18,2018,2,5,May," 461,523,022.59 "," 57,879,045.70 "," 519,402,068.29 "," 27,208,034.13 "," 401,928,735.56 "," 429,136,769.69 "," 89,707,776.49 "," 81,317,472.08 "," 60,726,159.12 "," 69,215,069.99 "," 67,707,206.09 "," 136,922,276.08 "," 26,556,330.01 "," 57,133,937.60 "," 83,690,267.61 "," 52,834,519.44 "," 27,764,592.06 "," 10,586,439.71 "," 11,072,438.03 "," 8,532,343.42 "," 19,604,781.45 "," 1,668,641.77 "," 10,070,757.50 "," 11,739,399.27 "," 7,477,148.58 "," 7,764,209.56 "," 2,711,095.58 "," 335,384,699.67 "," 16,241,928.46 "," 351,626,628.13 "," 63,270,196.65 "," 288,356,431.48 "," 58,154,862.30 "," 49,615,722.94 "," 113,962,753.30 "," 15,076,476.82 "," 129,039,230.12 "," 107,256,897.16 "," 21,782,332.95 "," 4,782,287.88 "," 5,509,144.90 "," 1,156,594,984.06 "," 695,093,530.39 "," 460,158,208.94 "," 179,783,423.89 "," 129,148,562.25 "
30,Jun-18,2018,2,6,June," 453,056,111.43 "," 56,309,306.89 "," 509,365,418.33 "," 27,232,027.40 "," 398,478,397.04 "," 425,710,424.44 "," 83,097,471.77 "," 95,474,146.41 "," 72,931,577.15 "," 69,199,401.34 "," 70,734,868.54 "," 139,934,269.89 "," 28,183,752.60 "," 58,501,896.35 "," 86,685,648.95 "," 52,850,979.95 "," 34,039,964.07 "," 12,318,876.75 "," 10,726,076.57 "," 9,052,465.34 "," 19,778,541.91 "," 1,792,956.57 "," 10,418,367.56 "," 12,211,324.13 "," 7,178,984.16 "," 9,402,866.79 "," 3,255,194.19 "," 334,846,670.33 "," 17,942,052.42 "," 352,788,722.75 "," 64,185,695.82 "," 288,603,026.93 "," 70,315,921.19 "," 55,878,770.49 "," 112,884,507.71 "," 15,350,331.69 "," 128,234,839.40 "," 108,598,686.06 "," 19,636,153.34 "," 5,671,594.07 "," 6,458,699.75 "," 1,150,101,792.27 "," 697,391,779.40 "," 451,366,616.15 "," 214,904,492.53 "," 150,843,118.34 "
31,Jul-18,2018,3,7,July," 458,331,808.30 "," 57,304,498.36 "," 515,636,306.66 "," 28,743,803.05 "," 403,889,824.49 "," 432,633,627.54 "," 82,446,757.01 "," 112,067,328.95 "," 85,143,085.16 "," 70,030,662.25 "," 69,725,031.73 "," 139,755,693.98 "," 27,594,277.61 "," 58,408,573.53 "," 86,002,851.14 "," 53,355,128.70 "," 39,366,098.23 "," 14,753,545.27 "," 10,756,114.20 "," 9,138,578.86 "," 19,894,693.06 "," 1,851,010.71 "," 10,357,561.24 "," 12,208,571.95 "," 7,297,887.51 "," 10,923,458.33 "," 3,997,280.10 "," 340,760,651.79 "," 19,891,784.09 "," 360,653,177.23 "," 67,673,946.51 "," 292,979,230.72 "," 82,954,660.59 "," 67,231,395.43 "," 113,426,661.72 "," 14,321,659.65 "," 127,748,321.36 "," 107,549,972.45 "," 20,198,348.91 "," 6,847,620.65 "," 7,744,322.99 "," 1,163,688,192.29 "," 706,068,969.59 "," 456,277,352.84 "," 252,159,166.75 "," 178,869,628.94 "
32,Aug-18,2018,3,8,August," 458,020,560.51 "," 57,375,152.39 "," 515,395,712.90 "," 28,907,387.66 "," 405,526,761.08 "," 434,434,148.74 "," 80,424,042.06 "," 126,546,567.60 "," 96,510,767.73 "," 70,818,548.71 "," 69,481,491.09 "," 140,300,039.80 "," 27,167,884.65 "," 59,050,185.99 "," 86,218,070.64 "," 53,684,026.30 "," 44,457,688.02 "," 17,570,271.13 "," 11,059,370.83 "," 9,393,464.88 "," 20,452,835.71 "," 1,922,608.14 "," 10,949,842.65 "," 12,872,450.79 "," 7,192,151.31 "," 12,116,442.47 "," 4,500,025.46 "," 347,278,885.90 "," 17,344,128.11 "," 364,623,014.01 "," 67,640,531.06 "," 296,982,482.95 "," 95,311,403.34 "," 78,524,108.12 "," 112,999,688.93 "," 14,064,708.22 "," 127,064,397.14 "," 107,272,897.66 "," 19,791,499.49 "," 7,881,586.17 "," 8,909,466.93 "," 1,167,835,999.56 "," 708,438,098.88 "," 458,074,202.10 "," 286,313,687.60 "," 206,014,639.37 "
33,Sep-18,2018,3,9,September," 458,877,636.92 "," 57,463,780.42 "," 516,341,417.33 "," 31,684,227.08 "," 403,733,843.85 "," 435,418,070.92 "," 80,385,824.33 "," 141,140,730.55 "," 108,883,730.05 "," 71,149,606.44 "," 69,504,778.32 "," 140,654,384.76 "," 26,827,503.82 "," 59,852,211.70 "," 86,679,715.52 "," 53,576,517.00 "," 49,374,811.27 "," 19,960,288.94 "," 11,063,873.02 "," 9,934,024.73 "," 20,997,897.75 "," 1,943,453.25 "," 11,435,751.48 "," 13,379,204.74 "," 7,230,459.41 "," 13,363,804.10 "," 5,241,695.78 "," 351,015,081.04 "," 17,036,430.64 "," 368,051,511.68 "," 64,611,503.72 "," 303,440,007.97 "," 107,175,943.20 "," 88,795,270.69 "," 114,330,389.70 "," 14,739,105.28 "," 129,069,494.98 "," 109,023,609.09 "," 20,045,885.89 "," 8,871,665.48 "," 10,179,561.53 "," 1,175,114,706.50 "," 709,112,103.99 "," 464,678,694.60 "," 319,926,954.59 "," 233,060,546.99 "
34,Oct-18,2018,4,10,October," 450,585,551.03 "," 58,534,987.58 "," 509,120,538.61 "," 36,459,906.25 "," 398,066,400.26 "," 434,526,306.51 "," 74,056,710.00 "," 156,092,094.33 "," 117,963,102.52 "," 71,353,982.38 "," 69,052,909.05 "," 140,406,891.44 "," 26,822,561.62 "," 59,608,020.89 "," 86,430,582.51 "," 53,547,610.69 "," 54,814,504.88 "," 22,587,290.12 "," 10,829,996.98 "," 9,635,390.00 "," 20,465,386.97 "," 1,855,715.22 "," 11,096,569.84 "," 12,952,285.06 "," 7,124,868.30 "," 14,924,448.33 "," 5,945,747.12 "," 352,905,321.65 "," 17,615,418.27 "," 370,520,739.92 "," 67,000,511.83 "," 303,520,228.10 "," 119,784,850.82 "," 98,875,758.26 "," 111,569,023.94 "," 14,903,166.05 "," 126,472,190.00 "," 108,436,208.19 "," 18,035,981.81 "," 9,911,549.81 "," 11,367,656.59 "," 1,166,985,746.95 "," 709,345,894.10 "," 456,285,398.89 "," 355,527,448.17 "," 256,739,554.60 "
35,Nov-18,2018,4,11,November," 459,579,574.57 "," 57,787,264.12 "," 517,366,838.70 "," 37,215,368.72 "," 404,940,751.91 "," 442,156,120.63 "," 74,673,196.00 "," 170,197,131.56 "," 130,005,132.07 "," 71,598,132.37 "," 69,730,041.72 "," 141,328,174.09 "," 26,149,439.77 "," 60,403,914.90 "," 86,553,354.67 "," 54,185,091.48 "," 59,999,220.92 "," 25,106,510.54 "," 11,196,483.35 "," 9,951,268.89 "," 21,147,752.24 "," 2,002,857.28 "," 11,443,476.02 "," 13,446,333.29 "," 7,316,135.54 "," 16,454,446.21 "," 6,686,323.50 "," 364,959,185.42 "," 16,929,854.00 "," 381,889,039.42 "," 69,285,621.07 "," 312,603,418.35 "," 132,773,171.08 "," 110,900,281.48 "," 114,156,139.38 "," 14,963,219.06 "," 129,119,358.44 "," 108,929,916.18 "," 20,189,442.26 "," 10,945,914.08 "," 12,537,286.10 "," 1,190,851,162.89 "," 720,371,345.84 "," 468,967,283.63 "," 390,369,883.85 "," 285,235,533.69 "
36,Dec-18,2018,4,12,December," 463,961,663.56 "," 56,671,424.49 "," 520,633,088.05 "," 36,106,826.61 "," 409,545,755.43 "," 445,652,582.04 "," 74,441,821.88 "," 186,047,238.06 "," 142,358,878.64 "," 71,923,302.18 "," 73,428,460.00 "," 145,351,762.18 "," 28,752,923.40 "," 60,697,083.60 "," 89,450,007.00 "," 55,275,055.95 "," 69,900,990.63 "," 29,452,935.23 "," 11,274,262.71 "," 9,839,354.06 "," 21,113,616.77 "," 1,901,656.17 "," 11,281,276.11 "," 13,182,932.28 "," 7,545,401.09 "," 18,379,576.67 "," 7,563,734.50 "," 372,288,331.73 "," 16,507,737.32 "," 388,796,069.04 "," 67,273,381.69 "," 321,522,687.35 "," 146,899,082.95 "," 123,013,505.42 "," 117,193,232.84 "," 16,541,164.57 "," 133,734,397.41 "," 112,459,989.18 "," 21,274,408.23 "," 12,071,561.21 "," 13,739,724.02 "," 1,209,628,933.46 "," 728,018,892.18 "," 480,059,374.51 "," 433,298,449.53 "," 316,128,777.82 "
37,Jan-19,2019,1,1,January," 472,562,077.91 "," 59,188,983.17 "," 531,751,061.09 "," 38,873,637.82 "," 419,320,462.10 "," 458,194,099.93 "," 73,019,347.03 "," 15,353,642.82 "," 12,156,044.33 "," 73,569,793.53 "," 73,752,745.69 "," 147,322,539.22 "," 28,920,057.16 "," 62,488,951.01 "," 91,409,008.17 "," 55,287,855.68 "," 6,911,576.67 "," 2,701,388.33 "," 11,202,566.68 "," 10,761,922.78 "," 21,964,489.47 "," 2,538,660.71 "," 11,388,923.41 "," 13,927,584.12 "," 7,651,621.93 "," 1,579,397.78 "," 585,392.63 "," 380,559,647.02 "," 18,856,453.02 "," 399,416,100.04 "," 69,804,710.04 "," 329,611,390.00 "," 11,196,361.42 "," 10,678,664.66 "," 122,424,312.67 "," 10,864,258.35 "," 133,288,571.03 "," 111,981,480.44 "," 21,307,090.59 "," 1,011,414.44 "," 1,540,630.25 "," 1,233,742,760.85 "," 745,316,882.70 "," 486,877,305.24 "," 36,052,393.12 "," 27,662,120.21 "
38,Feb-19,2019,1,2,February," 469,774,203.32 "," 59,045,243.25 "," 528,819,446.56 "," 38,846,545.57 "," 415,191,588.80 "," 454,038,134.37 "," 74,241,628.04 "," 29,182,932.90 "," 23,953,089.65 "," 73,445,345.71 "," 73,365,001.36 "," 146,810,347.06 "," 27,967,311.66 "," 61,940,087.50 "," 89,907,399.16 "," 56,277,320.59 "," 11,926,030.96 "," 5,058,610.85 "," 11,383,684.84 "," 11,255,442.44 "," 22,639,127.29 "," 2,478,791.27 "," 12,076,084.88 "," 14,554,876.16 "," 7,698,967.71 "," 3,330,788.81 "," 1,221,907.59 "," 381,690,448.15 "," 19,030,289.27 "," 400,720,737.42 "," 71,991,945.98 "," 328,728,791.44 "," 24,600,372.06 "," 21,327,252.11 "," 123,061,908.78 "," 10,807,689.58 "," 133,869,598.36 "," 112,496,544.94 "," 21,373,053.42 "," 2,046,868.22 "," 2,637,221.21 "," 1,232,859,256.69 "," 742,988,900.61 "," 488,319,761.19 "," 71,086,992.95 "," 54,198,081.42 "
39,Mar-19,2019,1,3,March," 474,046,963.29 "," 60,705,002.62 "," 534,751,965.91 "," 40,982,074.78 "," 418,676,505.57 "," 459,658,580.35 "," 74,554,868.47 "," 44,275,786.02 "," 36,392,828.86 "," 74,997,398.39 "," 73,194,203.54 "," 148,191,601.93 "," 28,739,041.55 "," 62,163,704.43 "," 90,902,745.98 "," 56,662,756.53 "," 19,547,496.68 "," 8,216,777.49 "," 11,847,436.24 "," 11,787,650.22 "," 23,635,086.46 "," 2,741,483.86 "," 12,436,365.39 "," 15,177,849.25 "," 8,071,953.81 "," 5,439,192.71 "," 2,024,198.62 "," 390,015,601.15 "," 17,634,121.55 "," 407,649,722.70 "," 74,485,575.64 "," 333,164,147.06 "," 37,984,656.29 "," 33,335,678.51 "," 124,008,376.72 "," 10,930,729.34 "," 134,939,106.06 "," 113,609,576.86 "," 21,329,529.21 "," 3,003,954.97 "," 3,674,103.66 "," 1,249,167,483.06 "," 753,834,328.08 "," 493,783,255.07 "," 110,251,086.67 "," 83,643,587.15 "
40,Apr-19,2019,2,4,April," 469,655,534.94 "," 63,275,999.99 "," 532,931,534.93 "," 42,481,967.28 "," 420,650,127.41 "," 463,132,094.68 "," 69,261,761.93 "," 58,789,796.69 "," 50,438,699.79 "," 74,461,648.82 "," 75,288,065.57 "," 149,749,714.39 "," 28,754,797.25 "," 63,698,235.64 "," 92,453,032.89 "," 56,673,231.85 "," 26,973,183.80 "," 11,343,373.45 "," 12,337,065.56 "," 11,314,237.80 "," 23,651,303.36 "," 2,449,520.63 "," 12,757,521.69 "," 15,207,042.33 "," 8,058,977.62 "," 7,181,759.43 "," 2,770,533.34 "," 394,036,304.85 "," 21,584,023.61 "," 415,620,328.46 "," 79,162,935.11 "," 336,457,393.36 "," 51,466,606.16 "," 46,238,290.04 "," 121,607,849.53 "," 11,632,843.11 "," 133,240,692.64 "," 112,476,836.21 "," 20,763,856.43 "," 4,055,377.68 "," 4,790,543.78 "," 1,255,193,573.78 "," 762,431,941.22 "," 491,215,221.19 "," 148,466,723.76 "," 115,581,440.39 "
41,May-19,2019,2,5,May," 463,925,528.26 "," 67,217,054.64 "," 531,142,582.90 "," 42,797,737.97 "," 415,106,148.36 "," 457,903,886.33 "," 72,701,018.26 "," 73,180,707.91 "," 63,403,585.91 "," 74,174,456.46 "," 74,442,728.76 "," 148,617,185.22 "," 28,042,495.96 "," 63,234,483.72 "," 91,276,979.68 "," 56,666,432.39 "," 32,851,366.74 "," 14,380,318.07 "," 12,667,588.99 "," 11,146,606.08 "," 23,814,195.07 "," 2,711,269.37 "," 12,711,339.36 "," 15,422,608.73 "," 8,009,253.14 "," 8,980,595.88 "," 3,566,907.89 "," 398,241,556.98 "," 17,985,765.78 "," 416,227,322.76 "," 82,728,748.13 "," 333,498,574.63 "," 65,948,652.75 "," 60,148,527.28 "," 120,559,536.03 "," 11,842,474.38 "," 132,402,010.41 "," 112,682,581.27 "," 19,719,429.14 "," 5,030,335.58 "," 6,090,047.17 "," 1,252,203,296.35 "," 760,014,804.14 "," 490,594,707.55 "," 185,991,658.86 "," 147,589,386.30 "
42,Jun-19,2019,2,6,June," 477,267,777.07 "," 67,557,334.59 "," 544,825,111.66 "," 44,505,585.65 "," 424,451,698.19 "," 468,957,283.84 "," 75,330,149.50 "," 85,646,024.30 "," 73,059,819.11 "," 74,686,037.41 "," 76,777,126.01 "," 151,463,163.42 "," 29,722,194.91 "," 63,569,484.48 "," 93,291,679.39 "," 57,498,171.13 "," 40,129,757.77 "," 16,207,281.70 "," 12,917,703.63 "," 11,486,642.59 "," 24,404,346.22 "," 3,112,869.44 "," 12,712,703.68 "," 15,825,573.13 "," 8,196,439.89 "," 10,797,423.70 "," 4,170,527.44 "," 409,163,494.48 "," 18,500,942.17 "," 427,664,436.65 "," 81,205,596.39 "," 346,458,840.25 "," 78,591,688.73 "," 67,880,731.32 "," 122,684,326.28 "," 11,347,734.79 "," 134,032,061.07 "," 113,670,781.67 "," 20,361,279.40 "," 5,976,428.13 "," 7,161,497.09 "," 1,282,389,119.02 "," 772,950,914.42 "," 507,844,880.18 "," 221,141,322.64 "," 168,479,856.65 "
43,Jul-19,2019,3,7,July," 478,164,123.95 "," 66,430,481.59 "," 544,594,605.54 "," 42,512,776.18 "," 426,982,834.08 "," 469,495,610.25 "," 74,561,316.96 "," 104,246,440.71 "," 87,399,251.20 "," 76,201,990.10 "," 77,958,981.95 "," 154,160,972.05 "," 30,487,384.75 "," 64,825,184.02 "," 95,312,568.77 "," 58,175,598.20 "," 45,917,386.68 "," 19,314,095.03 "," 12,985,599.00 "," 11,284,826.54 "," 24,270,425.54 "," 2,842,581.51 "," 12,782,441.75 "," 15,625,023.26 "," 8,263,069.09 "," 12,947,904.50 "," 5,128,720.50 "," 414,662,745.24 "," 19,263,895.15 "," 433,926,640.40 "," 85,763,053.01 "," 348,163,587.39 "," 93,253,299.99 "," 81,202,340.32 "," 122,178,882.57 "," 10,944,900.11 "," 133,123,782.68 "," 113,679,132.23 "," 19,444,650.45 "," 7,056,870.14 "," 8,530,753.22 "," 1,290,076,426.21 "," 779,875,387.52 "," 508,608,222.08 "," 263,421,902.03 "," 201,575,160.26 "
44,Aug-19,2019,3,8,August," 474,181,618.93 "," 67,813,222.75 "," 541,994,841.68 "," 46,613,607.46 "," 421,974,268.55 "," 468,587,876.01 "," 72,870,309.38 "," 120,847,386.72 "," 101,319,178.47 "," 76,663,960.55 "," 76,721,314.20 "," 153,385,274.75 "," 28,063,093.22 "," 65,936,263.67 "," 93,999,356.89 "," 58,755,297.31 "," 51,689,523.52 "," 22,019,485.22 "," 13,235,402.15 "," 12,233,478.41 "," 25,468,880.56 "," 2,975,462.60 "," 13,663,135.53 "," 16,638,598.13 "," 8,447,949.23 "," 15,171,553.05 "," 5,959,373.60 "," 417,154,395.73 "," 19,338,444.32 "," 436,492,840.05 "," 87,393,244.65 "," 349,099,595.40 "," 107,621,069.57 "," 93,155,295.85 "," 121,628,476.93 "," 10,902,327.47 "," 132,530,804.41 "," 114,235,099.23 "," 18,295,705.18 "," 8,112,977.93 "," 9,844,260.01 "," 1,289,872,641.44 "," 780,854,174.90 "," 507,468,856.50 "," 303,442,510.79 "," 232,297,593.15 "
45,Sep-19,2019,3,9,September," 471,693,065.69 "," 67,625,235.80 "," 539,318,301.50 "," 44,289,697.91 "," 421,518,680.90 "," 465,808,378.81 "," 72,973,400.59 "," 136,780,196.37 "," 113,289,164.44 "," 76,963,156.91 "," 76,987,272.07 "," 153,950,428.98 "," 27,379,265.73 "," 66,679,942.43 "," 94,059,208.16 "," 59,265,846.61 "," 58,437,204.48 "," 25,312,613.69 "," 13,420,157.28 "," 11,587,842.97 "," 25,008,000.25 "," 2,719,108.00 "," 13,333,447.76 "," 16,052,555.76 "," 8,573,111.28 "," 16,934,628.61 "," 7,113,540.37 "," 419,227,115.77 "," 19,175,285.57 "," 438,402,401.33 "," 92,213,982.56 "," 346,188,418.77 "," 121,407,305.91 "," 105,043,905.13 "," 121,733,756.51 "," 10,858,476.35 "," 132,592,232.86 "," 114,775,061.71 "," 17,817,171.15 "," 8,950,347.55 "," 11,168,888.01 "," 1,289,271,364.92 "," 782,909,187.01 "," 504,817,948.40 "," 342,509,682.93 "," 261,928,111.64 "
46,Oct-19,2019,4,10,October," 477,231,146.31 "," 68,818,489.78 "," 546,049,636.08 "," 48,013,415.43 "," 424,603,700.18 "," 472,617,115.61 "," 72,895,998.20 "," 152,363,148.55 "," 129,277,734.82 "," 77,501,555.96 "," 75,322,996.56 "," 152,824,552.51 "," 26,468,053.91 "," 66,096,172.26 "," 92,564,226.17 "," 59,635,272.92 "," 63,652,858.46 "," 28,620,136.10 "," 13,545,204.78 "," 11,489,765.98 "," 25,034,970.76 "," 2,643,824.11 "," 13,324,570.86 "," 15,968,394.97 "," 8,684,242.59 "," 18,559,559.88 "," 8,041,930.77 "," 425,050,366.55 "," 19,382,799.24 "," 444,433,165.79 "," 93,172,047.82 "," 351,261,117.97 "," 135,552,207.17 "," 117,450,628.26 "," 122,408,062.02 "," 11,097,094.39 "," 133,505,156.41 "," 115,220,114.46 "," 18,285,041.95 "," 10,011,731.19 "," 12,512,371.86 "," 1,301,847,481.56 "," 789,541,899.03 "," 510,761,673.62 "," 380,139,505.24 "," 295,902,801.80 "
47,Nov-19,2019,4,11,November," 475,581,534.63 "," 68,305,289.83 "," 543,886,824.46 "," 48,024,642.97 "," 425,931,088.56 "," 473,955,731.53 "," 69,394,570.66 "," 169,858,608.48 "," 138,727,010.75 "," 77,700,872.94 "," 78,713,141.84 "," 156,414,014.78 "," 26,525,327.50 "," 67,414,283.96 "," 93,939,611.46 "," 61,910,966.85 "," 71,524,450.17 "," 31,414,718.54 "," 13,722,480.50 "," 11,282,630.56 "," 25,005,111.06 "," 2,639,009.16 "," 13,240,420.58 "," 15,879,429.74 "," 8,746,298.30 "," 20,270,464.26 "," 8,932,976.14 "," 426,679,371.92 "," 17,466,933.41 "," 444,146,305.33 "," 86,193,709.39 "," 357,952,595.93 "," 159,918,538.45 "," 129,860,559.71 "," 120,700,323.01 "," 10,652,401.12 "," 131,352,724.13 "," 115,689,928.93 "," 15,662,795.20 "," 11,049,294.61 "," 13,724,929.89 "," 1,300,804,979.75 "," 785,658,411.06 "," 513,667,226.95 "," 432,621,355.97 "," 322,660,195.03 "
48,Dec-19,2019,4,12,December," 488,183,607.83 "," 65,030,894.91 "," 553,214,502.74 "," 48,407,301.30 "," 434,145,859.05 "," 482,553,160.35 "," 70,124,820.12 "," 185,332,774.60 "," 153,263,706.34 "," 78,417,032.57 "," 79,516,288.20 "," 157,933,320.78 "," 28,213,258.93 "," 66,520,496.83 "," 94,733,755.76 "," 62,478,499.75 "," 80,123,057.65 "," 36,239,298.24 "," 13,709,842.01 "," 10,995,784.26 "," 24,705,626.27 "," 2,548,957.41 "," 12,868,867.25 "," 15,417,824.65 "," 8,908,418.62 "," 21,971,108.25 "," 9,850,801.08 "," 439,818,741.79 "," 17,532,301.15 "," 457,351,042.94 "," 90,491,464.41 "," 366,859,578.52 "," 179,219,190.41 "," 143,859,771.55 "," 121,708,003.20 "," 10,833,720.24 "," 132,541,723.44 "," 116,279,321.52 "," 16,262,401.92 "," 12,005,987.87 "," 14,809,894.67 "," 1,325,746,216.17 "," 799,475,526.70 "," 524,633,718.94 "," 478,652,118.78 "," 358,023,471.87 "
49,Jan-20,2020,1,1,January," 477,937,209.82 "," 67,662,512.21 "," 545,599,722.03 "," 49,220,903.74 "," 427,187,171.98 "," 476,408,075.71 "," 68,652,454.28 "," 15,257,162.32 "," 13,618,164.66 "," 79,425,513.80 "," 83,207,363.57 "," 162,632,877.36 "," 29,130,769.39 "," 70,195,994.53 "," 99,326,763.92 "," 62,585,207.78 "," 7,987,145.13 "," 2,917,637.90 "," 13,726,297.48 "," 12,681,770.29 "," 26,408,067.77 "," 2,476,226.59 "," 14,466,499.87 "," 16,942,726.46 "," 9,085,958.30 "," 2,929,992.02 "," 746,714.63 "," 435,896,852.61 "," 20,119,247.62 "," 456,016,092.01 "," 87,681,907.15 "," 368,334,184.87 "," 16,518,703.05 "," 10,411,534.37 "," 120,219,141.69 "," 10,792,877.43 "," 131,012,019.13 "," 116,136,691.55 "," 14,875,327.58 "," 918,322.36 "," 1,764,347.34 "," 1,321,668,778.30 "," 796,496,164.79 "," 523,533,132.80 "," 43,611,324.88 "," 29,458,398.91 "
50,Feb-20,2020,1,2,February," 462,866,645.77 "," 70,465,354.40 "," 533,332,000.17 "," 50,348,762.86 "," 416,082,277.68 "," 466,431,040.55 "," 66,361,967.59 "," 28,089,779.20 "," 25,282,215.86 "," 79,335,349.15 "," 83,408,812.52 "," 162,744,161.67 "," 28,925,741.35 "," 70,469,241.72 "," 99,394,983.07 "," 62,626,678.87 "," 13,563,928.60 "," 5,619,483.50 "," 13,624,776.94 "," 13,735,936.22 "," 27,360,713.16 "," 3,081,589.36 "," 14,949,987.22 "," 18,031,576.58 "," 8,949,753.59 "," 4,887,492.58 "," 1,735,435.36 "," 429,313,208.70 "," 21,559,748.42 "," 450,872,957.11 "," 87,667,118.77 "," 363,205,838.34 "," 35,059,282.33 "," 22,857,880.49 "," 124,183,435.47 "," 5,503,938.18 "," 129,687,373.65 "," 116,628,695.63 "," 13,058,678.02 "," 1,968,556.12 "," 2,996,367.42 "," 1,303,997,205.76 "," 788,153,414.60 "," 514,202,916.41 "," 83,569,038.84 "," 58,491,382.63 "
51,Mar-20,2020,1,3,March," 421,300,921.72 "," 74,926,236.75 "," 496,227,158.46 "," 51,381,944.95 "," 389,504,077.16 "," 440,886,022.11 "," 54,804,614.25 "," 40,763,160.79 "," 37,368,714.24 "," 77,995,190.41 "," 89,447,759.04 "," 167,442,949.44 "," 29,951,472.32 "," 74,130,914.50 "," 104,082,386.82 "," 62,666,121.56 "," 20,173,887.71 "," 9,179,228.95 "," 13,456,656.64 "," 14,610,929.98 "," 28,067,586.62 "," 3,279,089.34 "," 15,916,830.83 "," 19,195,920.17 "," 8,492,283.45 "," 7,337,612.64 "," 3,131,010.94 "," 410,943,216.54 "," 21,034,264.63 "," 431,977,629.08 "," 85,394,859.27 "," 346,582,774.73 "," 53,623,832.77 "," 35,816,963.71 "," 118,777,051.09 "," 5,462,329.57 "," 124,239,380.66 "," 117,108,349.50 "," 7,131,031.16 "," 2,914,367.78 "," 4,149,236.71 "," 1,247,954,704.26 "," 766,667,537.87 "," 479,676,825.15 "," 124,812,861.69 "," 89,645,154.55 "
52,Apr-20,2020,2,4,April," 423,237,547.41 "," 74,993,144.49 "," 498,230,691.90 "," 52,205,801.22 "," 389,197,545.16 "," 441,403,346.38 "," 56,283,008.62 "," 51,955,760.72 "," 47,602,287.15 "," 77,684,442.71 "," 88,896,944.72 "," 166,581,387.43 "," 29,935,737.65 "," 73,634,248.86 "," 103,569,986.50 "," 62,317,196.35 "," 25,695,720.82 "," 12,457,845.62 "," 13,600,537.11 "," 13,268,270.90 "," 26,868,808.02 "," 3,370,033.59 "," 14,468,025.88 "," 17,838,059.47 "," 8,651,365.55 "," 8,967,205.72 "," 4,064,517.97 "," 420,797,174.27 "," 25,001,693.62 "," 445,798,867.89 "," 57,972,562.18 "," 387,826,305.71 "," 72,891,350.83 "," 48,268,478.11 "," 119,789,561.48 "," 5,486,576.36 "," 125,276,137.83 "," 117,176,563.27 "," 8,099,574.56 "," 3,754,232.59 "," 5,338,724.38 "," 1,262,755,893.08 "," 737,960,517.81 "," 523,177,450.79 "," 163,264,270.68 "," 117,731,853.22 "
53,May-20,2020,2,5,May," 426,240,256.82 "," 75,595,891.34 "," 501,836,148.16 "," 54,507,708.88 "," 389,323,668.83 "," 443,831,377.72 "," 57,460,433.54 "," 64,006,126.45 "," 58,009,443.80 "," 77,742,791.91 "," 85,124,064.21 "," 162,866,856.12 "," 27,716,484.91 "," 71,939,911.78 "," 99,656,396.69 "," 62,516,356.97 "," 30,726,628.79 "," 15,096,166.71 "," 13,886,588.77 "," 13,063,881.88 "," 26,950,470.65 "," 3,451,334.25 "," 14,391,562.09 "," 17,842,896.34 "," 8,731,141.51 "," 11,088,613.88 "," 5,399,705.38 "," 429,580,796.38 "," 23,903,195.43 "," 453,483,991.82 "," 54,365,676.18 "," 399,118,315.64 "," 90,387,330.90 "," 58,112,775.74 "," 121,176,222.84 "," 5,247,075.82 "," 126,423,298.67 "," 117,587,240.05 "," 8,836,058.62 "," 4,591,284.83 "," 6,503,034.39 "," 1,271,560,765.43 "," 733,283,586.97 "," 536,662,306.28 "," 200,799,984.85 "," 143,121,126.02 "
54,Jun-20,2020,2,6,June," 440,924,485.29 "," 61,511,367.58 "," 502,435,852.86 "," 54,650,489.72 "," 401,211,315.85 "," 455,861,805.56 "," 46,029,710.40 "," 79,422,792.60 "," 71,626,780.77 "," 77,012,877.01 "," 86,039,004.56 "," 163,051,881.58 "," 28,783,032.64 "," 70,649,692.95 "," 99,432,725.59 "," 62,928,415.37 "," 37,766,696.40 "," 17,856,689.75 "," 13,970,703.30 "," 12,902,424.42 "," 26,873,127.72 "," 3,212,148.84 "," 14,426,447.81 "," 17,638,596.65 "," 8,858,098.26 "," 12,971,326.14 "," 6,426,247.19 "," 438,003,291.11 "," 26,129,071.99 "," 464,132,363.10 "," 49,298,399.22 "," 414,833,963.88 "," 107,448,582.62 "," 68,859,476.46 "," 123,162,487.72 "," 5,211,363.72 "," 128,373,851.44 "," 118,086,420.84 "," 10,287,430.60 "," 5,559,747.14 "," 7,804,044.00 "," 1,284,867,076.70 "," 740,317,947.86 "," 542,937,618.52 "," 243,169,144.90 "," 172,573,238.18 "
55,Jul-20,2020,3,7,July," 453,398,267.38 "," 61,411,996.25 "," 514,810,263.63 "," 56,058,037.52 "," 410,285,480.46 "," 466,343,517.98 "," 48,457,545.74 "," 95,131,275.35 "," 86,404,260.64 "," 77,802,935.01 "," 86,426,998.99 "," 164,229,934.00 "," 28,758,514.02 "," 71,190,261.46 "," 99,948,775.48 "," 63,580,295.73 "," 44,675,733.72 "," 21,772,442.43 "," 14,261,098.18 "," 12,520,469.30 "," 26,781,567.48 "," 3,000,094.40 "," 14,254,145.97 "," 17,254,240.36 "," 9,150,894.31 "," 16,002,528.15 "," 7,960,189.28 "," 448,543,575.17 "," 27,649,797.71 "," 476,193,372.88 "," 46,482,097.53 "," 429,711,275.34 "," 125,033,055.06 "," 80,418,470.75 "," 125,379,363.49 "," 5,311,304.14 "," 130,690,667.63 "," 118,541,217.93 "," 12,149,449.70 "," 6,540,707.40 "," 9,208,489.10 "," 1,312,705,805.62 "," 748,569,849.29 "," 563,049,460.82 "," 287,383,299.68 "," 205,763,852.19 "
56,Aug-20,2020,3,8,August," 457,485,761.31 "," 64,628,379.82 "," 522,114,141.13 "," 58,547,719.09 "," 414,339,121.32 "," 472,886,840.41 "," 49,218,100.82 "," 109,603,983.33 "," 99,017,666.71 "," 77,717,528.24 "," 86,844,814.42 "," 164,562,342.66 "," 27,223,589.70 "," 72,131,803.04 "," 99,355,392.73 "," 64,531,067.71 "," 49,291,402.45 "," 23,806,015.99 "," 14,366,227.03 "," 12,252,641.53 "," 26,618,868.56 "," 2,874,460.39 "," 14,211,666.92 "," 17,086,127.31 "," 9,156,308.44 "," 17,429,648.86 "," 8,766,175.54 "," 456,777,046.96 "," 31,436,007.96 "," 488,213,054.92 "," 44,870,506.78 "," 443,342,548.14 "," 142,859,477.01 "," 90,413,900.66 "," 124,329,794.73 "," 5,923,755.89 "," 130,253,550.62 "," 120,270,965.21 "," 9,982,585.80 "," 7,515,830.21 "," 10,531,481.27 "," 1,331,761,957.89 "," 754,469,832.45 "," 576,230,610.92 "," 326,700,341.85 "," 232,535,240.16 "
57,Sep-20,2020,3,9,September," 445,979,034.39 "," 64,416,949.56 "," 510,395,983.95 "," 57,618,364.46 "," 404,495,004.11 "," 462,113,368.56 "," 48,281,230.29 "," 121,221,931.60 "," 106,852,311.60 "," 78,784,371.62 "," 86,787,873.18 "," 165,572,244.80 "," 27,295,684.28 "," 73,182,188.11 "," 100,477,872.39 "," 64,418,430.18 "," 54,036,928.95 "," 26,048,808.48 "," 14,249,249.77 "," 12,442,748.85 "," 26,691,998.63 "," 2,952,558.72 "," 14,331,298.95 "," 17,283,857.67 "," 9,031,708.15 "," 18,911,439.75 "," 9,668,739.44 "," 449,414,791.81 "," 32,432,802.10 "," 481,847,593.91 "," 42,353,164.17 "," 439,494,429.74 "," 159,347,659.34 "," 101,334,775.00 "," 122,952,415.55 "," 5,093,970.39 "," 128,046,385.94 "," 120,426,346.62 "," 7,620,039.32 "," 8,489,473.11 "," 12,058,640.83 "," 1,312,554,207.22 "," 742,654,609.41 "," 568,845,837.68 "," 362,007,432.75 "," 255,963,275.36 "
58,Oct-20,2020,4,10,October," 452,696,299.15 "," 66,233,978.55 "," 518,930,277.71 "," 59,837,141.68 "," 410,290,211.60 "," 470,127,353.28 "," 48,801,539.31 "," 139,357,531.03 "," 120,853,754.33 "," 79,777,522.67 "," 86,098,855.18 "," 165,876,377.85 "," 27,147,386.59 "," 72,940,871.43 "," 100,088,258.02 "," 65,075,537.11 "," 60,850,942.25 "," 28,964,050.80 "," 14,462,347.42 "," 11,980,477.75 "," 26,442,825.17 "," 2,718,233.67 "," 14,298,988.13 "," 17,017,221.80 "," 9,049,170.57 "," 20,559,614.08 "," 10,921,192.80 "," 461,913,093.51 "," 35,718,645.36 "," 497,631,738.87 "," 40,685,821.93 "," 456,945,916.94 "," 176,768,605.35 "," 111,432,489.27 "," 124,263,906.67 "," 5,323,999.91 "," 129,587,906.59 "," 121,367,106.39 "," 8,220,800.20 "," 9,443,975.82 "," 13,331,861.98 "," 1,338,469,126.19 "," 749,285,761.42 "," 588,092,964.13 "," 406,980,668.53 "," 285,503,349.18 "
59,Nov-20,2020,4,11,November," 468,838,777.89 "," 67,819,284.18 "," 536,658,062.07 "," 61,987,167.36 "," 423,715,895.02 "," 485,703,062.38 "," 50,953,614.60 "," 156,393,318.86 "," 134,478,702.06 "," 80,607,761.28 "," 83,681,444.15 "," 164,289,205.43 "," 26,064,293.94 "," 71,788,928.29 "," 97,853,222.23 "," 65,723,476.37 "," 64,405,051.74 "," 31,122,440.73 "," 14,695,488.27 "," 12,065,594.52 "," 26,761,082.78 "," 2,845,483.64 "," 14,313,730.63 "," 17,159,214.26 "," 9,225,435.72 "," 21,658,098.65 "," 11,890,093.60 "," 481,430,559.17 "," 37,847,366.17 "," 519,277,925.34 "," 40,752,851.38 "," 478,525,073.95 "," 194,483,657.63 "," 121,606,663.99 "," 129,104,493.31 "," 4,890,900.67 "," 133,995,393.97 "," 123,101,267.21 "," 10,894,126.76 "," 10,466,959.80 "," 14,714,436.01 "," 1,380,981,669.60 "," 764,569,617.47 "," 615,321,727.40 "," 447,407,086.69 "," 313,812,336.39 "
60,Dec-20,2020,4,12,December," 481,658,813.18 "," 62,545,541.82 "," 544,204,354.99 "," 64,884,868.34 "," 434,758,247.47 "," 499,643,115.81 "," 44,559,854.07 "," 171,932,037.73 "," 150,006,466.76 "," 81,270,810.50 "," 85,504,864.26 "," 166,775,674.76 "," 27,942,858.81 "," 72,271,753.15 "," 100,214,611.96 "," 65,829,481.21 "," 76,887,930.51 "," 37,475,354.39 "," 15,284,880.69 "," 11,705,039.69 "," 26,989,920.38 "," 3,266,513.48 "," 13,587,977.34 "," 16,854,490.83 "," 9,758,996.75 "," 27,124,464.89 "," 16,478,787.07 "," 495,063,418.15 "," 39,392,751.50 "," 534,456,169.64 "," 41,028,202.42 "," 493,427,967.23 "," 211,779,917.29 "," 131,957,337.60 "," 132,404,274.75 "," 4,920,860.76 "," 137,325,135.52 "," 123,646,527.84 "," 13,678,607.68 "," 11,504,138.15 "," 16,329,433.94 "," 1,409,751,255.29 "," 781,386,948.84 "," 627,254,906.94 "," 499,228,488.57 "," 352,247,379.77 "
61,Jan-21,2021,1,1,January," 481,100,151.95 "," 65,818,001.09 "," 546,918,153.04 "," 60,739,099.73 "," 439,498,976.13 "," 500,238,075.86 "," 46,678,692.08 "," 19,090,031.19 "," 13,701,090.96 "," 82,402,301.96 "," 89,296,752.88 "," 171,699,054.85 "," 28,423,840.78 "," 75,812,588.48 "," 104,236,429.26 "," 66,732,112.69 "," 8,246,911.64 "," 2,222,068.41 "," 15,247,899.86 "," 13,505,941.67 "," 28,753,841.53 "," 3,223,750.21 "," 15,408,559.64 "," 18,632,309.85 "," 9,745,098.88 "," 3,009,164.13 "," 664,226.56 "," 492,047,603.51 "," 48,518,732.63 "," 540,566,336.13 "," 41,760,180.75 "," 498,806,155.38 "," 16,746,240.91 "," 9,372,459.75 "," 131,605,816.08 "," 4,665,376.64 "," 136,271,192.71 "," 124,571,575.53 "," 11,699,617.18 "," 951,975.35 "," 1,946,969.96 "," 1,424,208,578.27 "," 789,438,571.25 "," 633,661,676.22 "," 48,044,323.23 "," 27,906,815.65 "
62,Feb-21,2021,1,2,February," 491,332,795.79 "," 63,051,410.93 "," 554,384,206.73 "," 58,450,574.93 "," 446,673,224.01 "," 505,123,798.94 "," 49,259,022.69 "," 34,608,293.89 "," 25,897,797.40 "," 84,026,369.82 "," 93,442,154.69 "," 177,468,524.52 "," 28,868,735.65 "," 77,090,963.49 "," 105,959,699.14 "," 70,780,265.75 "," 13,667,936.30 "," 4,539,325.55 "," 15,349,686.53 "," 14,253,533.08 "," 29,603,219.62 "," 3,580,467.62 "," 15,902,458.68 "," 19,482,926.30 "," 9,743,860.52 "," 4,920,293.57 "," 1,431,451.91 "," 497,923,615.27 "," 54,596,750.60 "," 552,520,365.87 "," 44,043,189.75 "," 508,477,176.12 "," 34,556,597.71 "," 19,004,251.19 "," 131,291,259.61 "," 4,987,626.50 "," 136,278,886.11 "," 124,352,378.69 "," 11,926,507.43 "," 1,873,953.06 "," 3,274,394.00 "," 1,450,255,202.84 "," 798,961,992.82 "," 650,186,832.50 "," 89,627,074.53 "," 54,147,220.04 "
63,Mar-21,2021,1,3,March," 487,169,110.88 "," 62,462,443.09 "," 549,631,553.97 "," 54,262,502.24 "," 441,806,666.47 "," 496,069,168.71 "," 53,561,000.16 "," 50,868,925.32 "," 38,557,523.85 "," 83,602,817.12 "," 95,982,625.77 "," 179,585,442.89 "," 29,802,414.18 "," 78,613,818.26 "," 108,416,232.44 "," 70,444,010.45 "," 20,729,635.96 "," 6,895,328.34 "," 15,460,493.54 "," 14,627,632.29 "," 30,088,125.83 "," 3,802,194.10 "," 16,273,125.44 "," 20,075,319.54 "," 9,636,373.48 "," 6,968,984.93 "," 2,408,318.82 "," 499,034,634.80 "," 57,998,716.83 "," 557,033,351.64 "," 44,682,246.17 "," 512,351,105.47 "," 53,198,177.15 "," 29,589,516.07 "," 129,704,878.39 "," 4,808,430.55 "," 134,513,308.93 "," 123,843,631.59 "," 10,669,677.35 "," 2,826,072.45 "," 4,684,844.73 "," 1,450,851,783.26 "," 793,086,598.44 "," 656,662,166.91 "," 134,591,795.82 "," 82,135,531.80 "
64,Apr-21,2021,2,4,April," 490,211,677.98 "," 61,868,351.81 "," 552,080,029.80 "," 49,368,533.25 "," 447,381,473.37 "," 496,750,006.62 "," 55,328,638.10 "," 65,102,436.46 "," 49,487,470.78 "," 82,786,751.74 "," 95,821,221.86 "," 178,607,973.60 "," 29,294,606.75 "," 79,098,913.95 "," 108,393,520.70 "," 69,490,752.91 "," 26,775,752.62 "," 9,362,700.77 "," 15,432,703.49 "," 13,488,378.63 "," 28,921,082.12 "," 3,583,454.39 "," 15,332,141.29 "," 18,915,595.68 "," 9,629,053.63 "," 9,109,562.57 "," 3,301,322.67 "," 503,677,587.78 "," 63,283,871.73 "," 566,961,459.51 "," 45,594,511.36 "," 521,366,948.15 "," 71,230,167.65 "," 40,301,511.54 "," 129,277,094.30 "," 4,655,550.91 "," 133,932,645.21 "," 124,366,051.58 "," 9,566,593.63 "," 3,758,048.88 "," 6,238,252.56 "," 1,460,503,190.23 "," 794,019,685.94 "," 665,381,986.42 "," 175,975,968.18 "," 108,691,258.33 "
65,May-21,2021,2,5,May," 489,023,727.20 "," 62,805,776.52 "," 551,829,503.72 "," 44,956,149.99 "," 450,106,333.09 "," 495,062,483.08 "," 56,765,635.56 "," 72,938,627.66 "," 55,408,908.40 "," 82,931,949.30 "," 95,211,971.89 "," 178,143,921.19 "," 28,281,312.40 "," 79,265,056.72 "," 107,546,369.11 "," 69,875,352.10 "," 30,635,099.79 "," 10,843,152.67 "," 15,718,883.48 "," 14,447,832.63 "," 30,166,716.11 "," 3,701,852.89 "," 16,488,008.33 "," 20,189,861.22 "," 9,600,422.09 "," 9,979,004.87 "," 3,887,261.63 "," 509,932,104.23 "," 67,467,974.47 "," 577,400,078.70 "," 43,486,880.50 "," 533,913,198.20 "," 90,233,861.70 "," 50,129,957.15 "," 129,931,957.29 "," 4,451,885.23 "," 134,383,842.51 "," 124,931,322.35 "," 9,452,520.16 "," 4,675,205.34 "," 7,536,321.64 "," 1,471,924,062.24 "," 791,216,916.27 "," 679,607,128.10 "," 208,461,799.35 "," 127,805,601.49 "
66,Jun-21,2021,2,6,June," 492,346,600.58 "," 63,051,770.43 "," 555,398,371.01 "," 41,119,244.78 "," 447,786,908.88 "," 488,906,153.66 "," 66,490,832.25 "," 94,015,759.99 "," 73,746,395.82 "," 84,542,773.30 "," 98,905,894.01 "," 183,448,667.31 "," 30,292,711.96 "," 85,033,512.04 "," 115,326,224.01 "," 67,411,743.30 "," 38,540,935.27 "," 13,690,509.97 "," 16,850,308.51 "," 12,800,912.50 "," 29,651,221.01 "," 3,852,922.00 "," 14,988,001.84 "," 18,840,923.84 "," 9,503,864.38 "," 11,941,969.94 "," 5,159,774.70 "," 511,672,422.52 "," 66,378,574.27 "," 578,050,996.79 "," 43,272,246.84 "," 534,778,749.95 "," 108,584,064.10 "," 62,164,911.21 "," 128,888,597.32 "," 4,543,483.70 "," 133,432,081.01 "," 124,630,722.62 "," 8,801,358.40 "," 5,651,593.69 "," 8,965,748.64 "," 1,479,981,337.13 "," 790,976,270.96 "," 686,986,548.27 "," 258,734,322.99 "," 163,727,340.34 "
67,Jul-21,2021,3,7,July," 490,812,880.27 "," 65,042,184.98 "," 555,855,065.26 "," 41,606,358.73 "," 449,483,743.90 "," 491,090,102.62 "," 64,763,577.55 "," 107,609,161.49 "," 85,250,719.40 "," 86,209,994.51 "," 98,608,306.21 "," 184,818,300.72 "," 30,628,371.58 "," 85,594,829.79 "," 116,223,201.37 "," 67,875,399.38 "," 44,565,467.56 "," 16,694,603.12 "," 16,730,415.05 "," 12,447,389.71 "," 29,177,804.75 "," 3,608,918.79 "," 14,801,869.61 "," 18,410,788.40 "," 9,650,583.55 "," 13,492,536.33 "," 6,148,820.73 "," 514,790,757.31 "," 71,094,470.15 "," 585,885,227.46 "," 42,028,167.75 "," 543,857,055.70 "," 127,355,498.08 "," 73,004,694.45 "," 130,308,911.97 "," 5,936,727.18 "," 136,245,639.14 "," 126,364,874.71 "," 9,880,764.44 "," 6,578,474.76 "," 10,299,241.06 "," 1,491,982,037.33 "," 794,117,134.84 "," 696,027,380.62 "," 299,601,138.22 "," 191,398,078.75 "
68,Aug-21,2021,3,8,August," 496,398,091.17 "," 64,529,990.56 "," 560,928,081.72 "," 43,031,494.08 "," 453,622,129.24 "," 496,653,623.32 "," 64,273,073.32 "," 121,175,375.13 "," 97,959,101.20 "," 86,612,481.12 "," 97,161,964.58 "," 183,774,445.70 "," 29,408,637.02 "," 85,619,812.33 "," 115,028,449.35 "," 68,046,296.34 "," 50,161,226.09 "," 19,448,529.00 "," 16,832,083.88 "," 13,364,834.43 "," 30,196,918.31 "," 3,584,532.47 "," 16,525,012.46 "," 20,109,544.93 "," 8,780,940.58 "," 15,184,655.84 "," 7,119,038.63 "," 525,467,354.74 "," 77,640,830.37 "," 603,108,185.12 "," 43,802,990.37 "," 559,305,194.74 "," 146,771,739.44 "," 83,370,164.65 "," 131,356,752.39 "," 6,026,819.18 "," 137,383,571.57 "," 127,434,243.13 "," 9,949,328.44 "," 7,555,540.36 "," 11,867,972.39 "," 1,515,391,202.41 "," 803,028,851.09 "," 710,354,833.43 "," 340,848,536.86 "," 219,764,805.86 "
69,Sep-21,2021,3,9,September," 494,173,809.58 "," 64,575,465.63 "," 558,749,275.20 "," 47,291,022.82 "," 461,731,847.57 "," 509,022,870.39 "," 49,725,019.69 "," 136,258,340.54 "," 117,449,771.01 "," 87,069,317.69 "," 96,163,212.91 "," 183,232,530.60 "," 28,423,964.92 "," 86,072,424.28 "," 114,496,389.20 "," 68,016,441.40 "," 55,848,573.83 "," 21,956,567.04 "," 16,796,136.83 "," 13,686,246.48 "," 30,482,383.30 "," 3,489,226.14 "," 16,916,546.64 "," 20,405,772.78 "," 8,770,177.71 "," 16,553,355.99 "," 7,784,491.71 "," 533,452,162.35 "," 81,090,293.38 "," 614,542,455.74 "," 42,072,555.30 "," 572,469,900.44 "," 165,711,394.51 "," 94,880,822.33 "," 131,793,193.85 "," 6,368,412.77 "," 138,161,606.62 "," 124,452,157.78 "," 13,709,448.84 "," 8,564,608.02 "," 13,761,950.58 "," 1,525,168,251.47 "," 810,449,745.46 "," 712,690,988.09 "," 382,936,272.89 "," 255,833,602.67 "
70,Oct-21,2021,4,10,October," 503,471,665.82 "," 66,656,630.78 "," 570,128,296.60 "," 48,399,029.13 "," 467,934,674.89 "," 516,333,704.02 "," 53,793,207.49 "," 150,360,583.82 "," 128,979,641.67 "," 87,281,137.68 "," 95,272,766.98 "," 182,553,904.67 "," 29,743,870.25 "," 83,432,490.72 "," 113,176,360.96 "," 68,677,843.69 "," 61,980,112.50 "," 24,654,835.77 "," 17,273,196.37 "," 13,306,925.50 "," 30,580,121.87 "," 3,461,185.32 "," 17,304,626.65 "," 20,765,811.98 "," 8,417,877.09 "," 19,281,027.49 "," 9,294,656.28 "," 548,898,572.46 "," 84,933,411.93 "," 633,831,984.39 "," 44,115,280.51 "," 589,716,703.88 "," 184,805,200.12 "," 106,926,466.85 "," 133,338,025.53 "," 6,216,515.47 "," 139,554,541.00 "," 125,059,785.51 "," 14,494,755.49 "," 9,525,677.98 "," 15,239,909.81 "," 1,556,648,848.53 "," 819,450,942.98 "," 735,100,387.64 "," 425,952,601.91 "," 285,095,510.37 "
71,Nov-21,2021,4,11,November," 498,846,374.46 "," 68,060,025.06 "," 566,906,399.52 "," 50,225,466.14 "," 463,019,980.51 "," 513,245,446.65 "," 53,659,567.76 "," 166,645,395.98 "," 144,998,767.45 "," 88,038,469.83 "," 93,919,668.61 "," 181,958,138.44 "," 28,655,296.93 "," 85,696,844.54 "," 114,352,141.47 "," 66,906,296.95 "," 69,386,089.48 "," 28,948,344.39 "," 17,472,428.37 "," 12,915,651.07 "," 30,388,079.45 "," 3,397,487.05 "," 17,862,814.21 "," 21,260,301.27 "," 7,731,345.37 "," 21,685,999.41 "," 10,508,546.92 "," 552,513,978.59 "," 86,387,611.75 "," 638,901,590.34 "," 44,927,921.82 "," 593,973,668.52 "," 203,517,604.47 "," 119,902,202.61 "," 134,511,034.58 "," 5,513,152.84 "," 140,024,187.41 "," 125,916,322.93 "," 14,107,864.48 "," 10,567,504.93 "," 16,836,868.45 "," 1,558,178,395.15 "," 819,702,134.14 "," 736,378,743.09 "," 471,802,594.26 "," 321,194,729.83 "
72,Dec-21,2021,4,12,December," 518,301,320.04 "," 71,506,468.42 "," 589,807,788.45 "," 49,079,930.88 "," 484,858,860.10 "," 533,938,790.98 "," 55,867,612.40 "," 184,324,033.10 "," 159,684,405.28 "," 87,262,897.25 "," 95,432,659.94 "," 182,695,557.19 "," 30,284,749.47 "," 83,945,886.52 "," 114,230,635.99 "," 67,740,221.19 "," 76,872,491.85 "," 32,359,211.99 "," 17,196,419.33 "," 12,513,468.34 "," 29,709,887.67 "," 3,346,188.28 "," 17,492,491.84 "," 20,838,680.12 "," 7,474,774.74 "," 23,224,017.39 "," 12,669,486.58 "," 565,577,922.30 "," 85,867,558.03 "," 651,445,480.33 "," 45,658,588.48 "," 605,786,891.85 "," 223,952,293.34 "," 133,112,100.05 "," 131,541,550.92 "," 5,516,024.88 "," 137,057,575.80 "," 118,727,706.62 "," 18,329,869.18 "," 11,650,072.34 "," 18,307,385.94 "," 1,590,716,289.44 "," 833,394,402.19 "," 755,199,369.36 "," 520,022,908.01 "," 356,132,589.85 "
73,Jan-22,2022,1,1,January," 516,688,759.35 "," 70,008,842.17 "," 586,697,601.53 "," 49,552,930.91 "," 460,646,918.96 "," 510,199,849.88 "," 76,496,366.52 "," 15,094,047.92 "," 12,575,398.38 "," 88,725,783.81 "," 100,637,855.71 "," 189,363,639.52 "," 30,959,579.60 "," 89,103,926.78 "," 120,063,506.38 "," 68,575,433.13 "," 9,700,002.84 "," 2,734,860.09 "," 17,429,079.76 "," 13,586,617.73 "," 31,015,697.49 "," 3,631,532.39 "," 18,432,531.66 "," 22,064,064.05 "," 7,558,584.17 "," 2,083,048.60 "," 789,276.76 "," 567,687,156.39 "," 92,825,991.71 "," 660,513,148.10 "," 46,836,007.00 "," 613,677,141.09 "," 17,692,335.14 "," 12,198,751.29 "," 130,332,197.99 "," 6,154,828.40 "," 136,487,026.39 "," 119,440,694.37 "," 17,046,332.02 "," 954,856.95 "," 1,854,886.32 "," 1,604,077,113.02 "," 818,604,121.68 "," 783,353,856.93 "," 45,524,291.45 "," 30,153,172.83 "
74,Feb-22,2022,1,2,February," 520,347,109.57 "," 68,534,451.10 "," 588,881,560.67 "," 50,550,215.40 "," 462,385,114.69 "," 512,935,330.09 "," 75,944,845.49 "," 26,982,276.90 "," 24,769,819.35 "," 89,491,857.77 "," 101,699,139.46 "," 191,190,997.24 "," 33,070,236.94 "," 88,090,077.93 "," 121,160,314.87 "," 69,298,634.73 "," 14,528,472.20 "," 5,397,575.74 "," 17,476,692.22 "," 13,995,291.97 "," 31,471,984.19 "," 3,934,666.15 "," 18,623,584.77 "," 22,558,250.93 "," 7,520,683.98 "," 3,404,561.95 "," 1,581,210.80 "," 578,407,781.34 "," 94,223,592.00 "," 672,631,373.34 "," 48,114,258.44 "," 624,517,114.90 "," 35,365,485.18 "," 24,747,032.08 "," 131,394,765.12 "," 10,878,047.30 "," 142,272,812.42 "," 119,677,892.72 "," 22,594,919.70 "," 6,403,900.77 "," 3,164,139.70 "," 1,626,448,727.85 "," 824,446,047.05 "," 799,876,198.80 "," 86,684,697.01 "," 59,659,777.68 "
75,Mar-22,2022,1,3,March," 521,284,847.74 "," 70,200,750.11 "," 591,485,597.85 "," 49,907,710.64 "," 465,101,296.87 "," 515,009,007.52 "," 76,475,205.23 "," 43,679,459.56 "," 40,134,609.95 "," 90,094,865.18 "," 101,555,070.03 "," 191,649,935.21 "," 33,225,542.65 "," 87,927,731.36 "," 121,153,274.01 "," 69,764,631.85 "," 22,292,411.31 "," 9,059,195.28 "," 17,297,361.95 "," 14,196,075.97 "," 31,493,437.92 "," 3,955,852.88 "," 18,613,438.61 "," 22,569,291.49 "," 7,531,097.14 "," 6,454,174.31 "," 2,557,824.68 "," 585,594,999.24 "," 95,471,267.67 "," 681,066,266.91 "," 44,649,346.21 "," 636,416,920.70 "," 54,028,730.37 "," 38,529,561.41 "," 131,302,220.25 "," 10,678,095.59 "," 141,980,315.85 "," 120,670,252.50 "," 21,310,063.35 "," 7,374,538.60 "," 4,739,635.48 "," 1,637,675,553.73 "," 824,051,171.73 "," 811,497,918.28 "," 133,829,314.15 "," 95,020,826.79 "
76,Apr-22,2022,2,4,April," 532,377,440.85 "," 70,860,242.94 "," 603,237,683.78 "," 51,426,762.44 "," 465,810,762.23 "," 517,237,524.67 "," 85,998,774.02 "," 56,864,143.50 "," 52,810,505.65 "," 89,188,793.08 "," 101,531,967.24 "," 190,720,760.32 "," 34,395,829.59 "," 86,333,416.82 "," 120,729,246.41 "," 69,259,592.35 "," 28,600,652.54 "," 12,201,584.33 "," 17,560,862.75 "," 14,394,856.55 "," 31,955,719.30 "," 3,877,268.62 "," 19,173,753.45 "," 23,051,022.07 "," 7,379,802.92 "," 8,741,045.62 "," 3,887,106.67 "," 597,034,069.62 "," 98,750,398.98 "," 695,784,468.60 "," 49,553,002.37 "," 646,231,466.23 "," 72,961,481.59 "," 51,797,563.28 "," 130,208,868.67 "," 11,560,841.11 "," 141,769,709.77 "," 120,494,302.60 "," 21,275,407.17 "," 8,309,812.24 "," 6,239,222.82 "," 1,663,468,341.78 "," 831,065,098.11 "," 830,145,042.70 "," 175,477,135.48 "," 126,935,982.75 "
77,May-22,2022,2,5,May," 526,361,748.52 "," 69,647,434.76 "," 596,009,183.28 "," 50,572,554.70 "," 462,775,355.09 "," 513,347,909.80 "," 82,659,888.38 "," 69,943,033.72 "," 63,201,792.07 "," 89,275,636.74 "," 100,462,706.88 "," 189,738,343.62 "," 33,365,979.08 "," 86,365,196.57 "," 119,731,175.66 "," 69,275,115.89 "," 36,007,741.61 "," 14,290,567.14 "," 17,596,432.86 "," 14,931,084.96 "," 32,527,517.82 "," 4,272,914.48 "," 19,537,129.54 "," 23,810,044.02 "," 7,194,271.24 "," 10,747,407.79 "," 5,050,012.26 "," 603,500,707.20 "," 101,951,261.92 "," 705,451,969.12 "," 51,494,871.26 "," 653,957,097.87 "," 91,804,689.40 "," 62,419,345.91 "," 129,909,845.43 "," 11,203,201.01 "," 141,113,046.44 "," 120,317,162.98 "," 20,795,883.46 "," 9,227,815.83 "," 7,707,940.07 "," 1,664,840,060.27 "," 828,701,163.71 "," 833,882,256.83 "," 217,730,688.36 "," 152,669,657.46 "
78,Jun-22,2022,2,6,June," 520,686,815.88 "," 78,800,450.28 "," 599,487,266.16 "," 57,231,639.92 "," 448,842,569.41 "," 506,074,209.33 "," 93,411,671.72 "," 85,104,679.36 "," 76,962,937.54 "," 90,002,881.56 "," 106,616,361.45 "," 196,619,243.02 "," 34,322,799.54 "," 92,157,380.83 "," 126,480,180.37 "," 69,406,977.61 "," 45,753,701.05 "," 17,670,214.69 "," 17,439,537.51 "," 16,295,344.78 "," 33,734,882.29 "," 4,732,606.52 "," 20,345,834.76 "," 25,078,441.28 "," 7,133,238.45 "," 13,602,637.81 "," 6,528,210.31 "," 602,930,279.56 "," 103,127,287.93 "," 706,057,567.49 "," 53,727,567.35 "," 652,330,000.14 "," 111,284,418.54 "," 75,842,873.98 "," 129,539,496.83 "," 10,322,624.42 "," 139,862,121.25 "," 120,125,406.60 "," 19,736,714.65 "," 10,216,003.55 "," 9,381,693.98 "," 1,675,761,080.21 "," 831,485,804.93 "," 842,018,602.58 "," 265,961,440.31 "," 186,385,930.50 "
79,Jul-22,2022,3,7,July," 526,225,759.05 "," 77,118,581.16 "," 603,344,340.22 "," 53,663,842.05 "," 454,951,095.54 "," 508,614,937.59 "," 94,728,017.53 "," 98,305,669.09 "," 88,755,407.98 "," 90,168,326.15 "," 107,443,728.26 "," 197,612,054.41 "," 34,765,774.41 "," 92,271,779.02 "," 127,037,553.43 "," 69,838,316.54 "," 52,961,358.89 "," 20,730,871.30 "," 17,679,157.11 "," 15,888,834.68 "," 33,567,991.79 "," 3,731,716.72 "," 21,131,275.29 "," 24,862,992.01 "," 7,181,797.22 "," 15,030,643.46 "," 7,547,954.75 "," 609,236,845.31 "," 107,947,914.48 "," 717,184,759.79 "," 54,427,622.36 "," 662,757,137.43 "," 130,621,844.36 "," 89,685,739.44 "," 129,881,719.38 "," 10,484,750.13 "," 140,366,469.51 "," 119,614,621.70 "," 20,751,847.81 "," 11,215,324.99 "," 10,998,891.17 "," 1,692,075,615.72 "," 834,557,727.10 "," 855,257,116.53 "," 308,134,840.78 "," 217,718,864.66 "
