No;Date;Year;Quarter;Month;Month Name
1;01/01/2020;2020;1;1;January
2;01/02/2020;2020;1;2;February
3;01/03/2020;2020;1;3;March
4;01/04/2020;2020;2;4;April
5;01/05/2020;2020;2;5;May
6;01/06/2020;2020;2;6;June
7;01/07/2020;2020;3;7;July
8;01/08/2020;2020;3;8;August
9;01/09/2020;2020;3;9;September
10;01/10/2020;2020;4;10;October
11;01/11/2020;2020;4;11;November
12;01/12/2020;2020;4;12;December
13;01/01/2021;2021;1;1;January
14;01/02/2021;2021;1;2;February
15;01/03/2021;2021;1;3;March
16;01/04/2021;2021;2;4;April
17;01/05/2021;2021;2;5;May
18;01/06/2021;2021;2;6;June
19;01/07/2021;2021;3;7;July
20;01/08/2021;2021;3;8;August
21;01/09/2021;2021;3;9;September
22;01/10/2021;2021;4;10;October
23;01/11/2021;2021;4;11;November
24;01/12/2021;2021;4;12;December
25;01/01/2022;2022;1;1;January
26;01/02/2022;2022;1;2;February
27;01/03/2022;2022;1;3;March
28;01/04/2022;2022;2;4;April
29;01/05/2022;2022;2;5;May
30;01/06/2022;2022;2;6;June
31;01/07/2022;2022;3;7;July
32;01/08/2022;2022;3;8;August
33;01/09/2022;2022;3;9;September
34;01/10/2022;2022;4;10;October
35;01/11/2022;2022;4;11;November
36;01/12/2022;2022;4;12;December
37;01/01/2023;2023;1;1;January
38;01/02/2023;2023;1;2;February
39;01/03/2023;2023;1;3;March
40;01/04/2023;2023;2;4;April
41;01/05/2023;2023;2;5;May
42;01/06/2023;2023;2;6;June
43;01/07/2023;2023;3;7;July
44;01/08/2023;2023;3;8;August
45;01/09/2023;2023;3;9;September
46;01/10/2023;2023;4;10;October
47;01/11/2023;2023;4;11;November
48;01/12/2023;2023;4;12;December
49;01/01/2024;2024;1;1;January
50;01/02/2024;2024;1;2;February
51;01/03/2024;2024;1;3;March
52;01/04/2024;2024;2;4;April
53;01/05/2024;2024;2;5;May
54;01/06/2024;2024;2;6;June
55;01/07/2024;2024;3;7;July
56;01/08/2024;2024;3;8;August
57;01/09/2024;2024;3;9;September
58;01/10/2024;2024;4;10;October
59;01/11/2024;2024;4;11;November
60;01/12/2024;2024;4;12;December
61;01/01/2025;2025;1;1;January
62;01/02/2025;2025;1;2;February
63;01/03/2025;2025;1;3;March
64;01/04/2025;2025;2;4;April
65;01/05/2025;2025;2;5;May
66;01/06/2025;2025;2;6;June
67;01/07/2025;2025;3;7;July
68;01/08/2025;2025;3;8;August
69;01/09/2025;2025;3;9;September
70;01/10/2025;2025;4;10;October
71;01/11/2025;2025;4;11;November
72;01/12/2025;2025;4;12;December
73;01/01/2026;2026;1;1;January
74;01/02/2026;2026;1;2;February
75;01/03/2026;2026;1;3;March
76;01/04/2026;2026;2;4;April
77;01/05/2026;2026;2;5;May
78;01/06/2026;2026;2;6;June
79;01/07/2026;2026;3;7;July
80;01/08/2026;2026;3;8;August
81;01/09/2026;2026;3;9;September
82;01/10/2026;2026;4;10;October
83;01/11/2026;2026;4;11;November
84;01/12/2026;2026;4;12;December
85;01/01/2027;2027;1;1;January
86;01/02/2027;2027;1;2;February
87;01/03/2027;2027;1;3;March
88;01/04/2027;2027;2;4;April
89;01/05/2027;2027;2;5;May
90;01/06/2027;2027;2;6;June
91;01/07/2027;2027;3;7;July
92;01/08/2027;2027;3;8;August
93;01/09/2027;2027;3;9;September
94;01/10/2027;2027;4;10;October
95;01/11/2027;2027;4;11;November
96;01/12/2027;2027;4;12;December
97;01/01/2028;2028;1;1;January
98;01/02/2028;2028;1;2;February
99;01/03/2028;2028;1;3;March
100;01/04/2028;2028;2;4;April
101;01/05/2028;2028;2;5;May
102;01/06/2028;2028;2;6;June
103;01/07/2028;2028;3;7;July
104;01/08/2028;2028;3;8;August
105;01/09/2028;2028;3;9;September
106;01/10/2028;2028;4;10;October
107;01/11/2028;2028;4;11;November
108;01/12/2028;2028;4;12;December
109;01/01/2029;2029;1;1;January
110;01/02/2029;2029;1;2;February
111;01/03/2029;2029;1;3;March
112;01/04/2029;2029;2;4;April
113;01/05/2029;2029;2;5;May
114;01/06/2029;2029;2;6;June
115;01/07/2029;2029;3;7;July
116;01/08/2029;2029;3;8;August
117;01/09/2029;2029;3;9;September
118;01/10/2029;2029;4;10;October
119;01/11/2029;2029;4;11;November
120;01/12/2029;2029;4;12;December
121;01/01/2030;2030;1;1;January
122;01/02/2030;2030;1;2;February
123;01/03/2030;2030;1;3;March
124;01/04/2030;2030;2;4;April
125;01/05/2030;2030;2;5;May
126;01/06/2030;2030;2;6;June
127;01/07/2030;2030;3;7;July
128;01/08/2030;2030;3;8;August
129;01/09/2030;2030;3;9;September
130;01/10/2030;2030;4;10;October
131;01/11/2030;2030;4;11;November
132;01/12/2030;2030;4;12;December
133;01/01/2031;2031;1;1;January
134;01/02/2031;2031;1;2;February
135;01/03/2031;2031;1;3;March
136;01/04/2031;2031;2;4;April
137;01/05/2031;2031;2;5;May
138;01/06/2031;2031;2;6;June
139;01/07/2031;2031;3;7;July
140;01/08/2031;2031;3;8;August
141;01/09/2031;2031;3;9;September
142;01/10/2031;2031;4;10;October
143;01/11/2031;2031;4;11;November
144;01/12/2031;2031;4;12;December
145;01/01/2032;2032;1;1;January
146;01/02/2032;2032;1;2;February
147;01/03/2032;2032;1;3;March
148;01/04/2032;2032;2;4;April
149;01/05/2032;2032;2;5;May
150;01/06/2032;2032;2;6;June
151;01/07/2032;2032;3;7;July
152;01/08/2032;2032;3;8;August
153;01/09/2032;2032;3;9;September
154;01/10/2032;2032;4;10;October
155;01/11/2032;2032;4;11;November
156;01/12/2032;2032;4;12;December
157;01/01/2033;2033;1;1;January
158;01/02/2033;2033;1;2;February
159;01/03/2033;2033;1;3;March
160;01/04/2033;2033;2;4;April
161;01/05/2033;2033;2;5;May
162;01/06/2033;2033;2;6;June
163;01/07/2033;2033;3;7;July
164;01/08/2033;2033;3;8;August
165;01/09/2033;2033;3;9;September
166;01/10/2033;2033;4;10;October
167;01/11/2033;2033;4;11;November
168;01/12/2033;2033;4;12;December
169;01/01/2034;2034;1;1;January
170;01/02/2034;2034;1;2;February
171;01/03/2034;2034;1;3;March
172;01/04/2034;2034;2;4;April
173;01/05/2034;2034;2;5;May
174;01/06/2034;2034;2;6;June
175;01/07/2034;2034;3;7;July
176;01/08/2034;2034;3;8;August
177;01/09/2034;2034;3;9;September
178;01/10/2034;2034;4;10;October
179;01/11/2034;2034;4;11;November
180;01/12/2034;2034;4;12;December
181;01/01/2035;2035;1;1;January
182;01/02/2035;2035;1;2;February
183;01/03/2035;2035;1;3;March
184;01/04/2035;2035;2;4;April
185;01/05/2035;2035;2;5;May
186;01/06/2035;2035;2;6;June
187;01/07/2035;2035;3;7;July
188;01/08/2035;2035;3;8;August
189;01/09/2035;2035;3;9;September
190;01/10/2035;2035;4;10;October
191;01/11/2035;2035;4;11;November
192;01/12/2035;2035;4;12;December
193;01/01/2036;2036;1;1;January
194;01/02/2036;2036;1;2;February
195;01/03/2036;2036;1;3;March
196;01/04/2036;2036;2;4;April
197;01/05/2036;2036;2;5;May
198;01/06/2036;2036;2;6;June
199;01/07/2036;2036;3;7;July
200;01/08/2036;2036;3;8;August
201;01/09/2036;2036;3;9;September
202;01/10/2036;2036;4;10;October
203;01/11/2036;2036;4;11;November
204;01/12/2036;2036;4;12;December
205;01/01/2037;2037;1;1;January
206;01/02/2037;2037;1;2;February
207;01/03/2037;2037;1;3;March
208;01/04/2037;2037;2;4;April
209;01/05/2037;2037;2;5;May
210;01/06/2037;2037;2;6;June
211;01/07/2037;2037;3;7;July
212;01/08/2037;2037;3;8;August
213;01/09/2037;2037;3;9;September
214;01/10/2037;2037;4;10;October
215;01/11/2037;2037;4;11;November
216;01/12/2037;2037;4;12;December
217;01/01/2038;2038;1;1;January
218;01/02/2038;2038;1;2;February
219;01/03/2038;2038;1;3;March
220;01/04/2038;2038;2;4;April
